,year_built,beds,baths,baths_full,garage,sqft,stories,listPrice,property_type
4,2003.0,4.0,0.0,2.0,2.0,2400.0,2.0,70000.0,Affordable
25,2003.0,3.0,3.0,2.0,2.0,1606.0,2.0,409990.0,Average
40,2003.0,3.0,3.0,2.0,2.0,1606.0,2.0,414990.0,Average
49,2020.0,3.0,3.0,2.0,2.0,1736.0,2.0,475000.0,Average
58,2003.0,4.0,0.0,2.0,2.0,2400.0,2.0,49000.0,Affordable
75,2003.0,3.0,3.0,2.0,2.0,1606.0,2.0,389990.0,Affordable
82,2003.0,3.0,2.0,2.0,2.0,1609.0,2.0,407800.0,Affordable
92,2021.0,3.0,3.0,2.0,2.0,1495.0,2.0,390000.0,Affordable
97,2003.0,3.0,3.0,2.0,2.0,1606.0,2.0,389990.0,Affordable
99,2009.0,2.0,3.0,2.0,2.0,1240.0,2.0,395000.0,Affordable
103,2013.0,4.0,3.0,2.0,2.0,2598.0,2.0,575000.0,Average
134,2020.0,3.0,3.0,2.0,2.0,1752.0,2.0,424900.0,Average
143,2003.0,3.0,3.0,2.0,2.0,2463.0,2.0,587990.0,Average
153,2005.0,3.0,2.0,2.0,2.0,1111.0,2.0,275000.0,Affordable
175,1990.0,4.0,2.0,2.0,2.0,1996.0,2.0,500000.0,Average
176,2022.0,3.0,3.0,2.0,2.0,1495.0,2.0,390000.0,Affordable
177,2003.0,3.0,2.0,2.0,2.0,1399.0,2.0,414990.0,Average
179,2003.0,3.0,3.0,2.0,2.0,1547.0,2.0,444990.0,Average
188,2003.0,4.0,0.0,2.0,2.0,2400.0,2.0,25000.0,Affordable
189,2003.0,4.0,0.0,2.0,2.0,2400.0,2.0,35000.0,Affordable
190,2003.0,4.0,0.0,2.0,2.0,2400.0,2.0,20000.0,Affordable
191,2003.0,4.0,0.0,2.0,2.0,2400.0,2.0,249000.0,Affordable
192,2003.0,4.0,0.0,2.0,2.0,2400.0,2.0,385000.0,Affordable
193,2003.0,4.0,0.0,2.0,2.0,2400.0,2.0,160000.0,Affordable
194,2003.0,4.0,0.0,2.0,2.0,2400.0,2.0,47500.0,Affordable
196,2003.0,4.0,0.0,2.0,2.0,2400.0,2.0,75000.0,Affordable
197,2003.0,4.0,0.0,2.0,2.0,2400.0,2.0,220000.0,Affordable
198,2003.0,4.0,0.0,2.0,2.0,2400.0,2.0,47500.0,Affordable
199,2003.0,4.0,0.0,2.0,2.0,2400.0,2.0,155000.0,Affordable
200,2003.0,4.0,0.0,2.0,2.0,2400.0,2.0,99000.0,Affordable
201,2003.0,4.0,0.0,2.0,2.0,2400.0,2.0,30000.0,Affordable
202,2003.0,4.0,0.0,2.0,2.0,2400.0,2.0,40000.0,Affordable
204,2003.0,4.0,0.0,2.0,2.0,2400.0,2.0,265000.0,Affordable
206,2003.0,4.0,0.0,2.0,2.0,2400.0,2.0,600000.0,Average
207,2003.0,4.0,0.0,2.0,2.0,2400.0,2.0,155000.0,Affordable
208,2003.0,4.0,0.0,2.0,2.0,2400.0,2.0,475000.0,Average
209,2003.0,4.0,0.0,2.0,2.0,2400.0,2.0,96000.0,Affordable
210,2003.0,4.0,0.0,2.0,2.0,2400.0,2.0,288000.0,Affordable
211,2003.0,4.0,0.0,2.0,2.0,2400.0,2.0,16000.0,Affordable
213,2003.0,4.0,0.0,2.0,2.0,2400.0,2.0,155000.0,Affordable
216,2003.0,4.0,0.0,2.0,2.0,2400.0,2.0,249000.0,Affordable
220,2003.0,4.0,0.0,2.0,2.0,2400.0,2.0,420000.0,Average
221,2003.0,3.0,2.0,2.0,2.0,1498.0,2.0,374900.0,Affordable
226,2000.0,3.0,2.0,2.0,2.0,2135.0,2.0,559000.0,Average
230,2003.0,4.0,0.0,2.0,2.0,2400.0,2.0,69000.0,Affordable
234,2003.0,3.0,3.0,2.0,2.0,2227.0,2.0,449300.0,Average
248,2003.0,4.0,3.0,2.0,2.0,2173.0,2.0,701597.0,Luxury
252,2003.0,4.0,3.0,2.0,2.0,2172.0,2.0,596009.0,Average
253,2003.0,4.0,0.0,2.0,2.0,2400.0,2.0,16500.0,Affordable
255,2003.0,3.0,3.0,2.0,2.0,1480.0,2.0,292500.0,Affordable
256,2003.0,4.0,0.0,2.0,2.0,2400.0,2.0,746410.0,Luxury
261,2003.0,4.0,0.0,2.0,2.0,2400.0,2.0,99900.0,Affordable
263,2003.0,3.0,3.0,2.0,2.0,1476.0,2.0,299990.0,Affordable
264,2003.0,4.0,0.0,2.0,2.0,2400.0,2.0,125000.0,Affordable
268,2003.0,4.0,0.0,2.0,2.0,2400.0,2.0,200000.0,Affordable
269,2003.0,3.0,3.0,2.0,2.0,2400.0,2.0,449990.0,Average
270,2003.0,3.0,3.0,2.0,2.0,2945.0,2.0,539990.0,Average
275,2003.0,3.0,3.0,2.0,2.0,2216.0,2.0,519990.0,Average
276,2003.0,4.0,3.0,2.0,2.0,2553.0,2.0,660409.0,Luxury
278,2003.0,4.0,3.0,2.0,2.0,2552.0,2.0,749626.0,Luxury
281,2003.0,3.0,3.0,2.0,2.0,2020.0,2.0,584990.0,Average
284,2003.0,4.0,0.0,2.0,2.0,2400.0,2.0,115000.0,Affordable
292,2003.0,4.0,0.0,2.0,2.0,2400.0,2.0,165000.0,Affordable
294,2003.0,3.0,3.0,2.0,2.0,2187.0,2.0,379990.0,Affordable
300,2003.0,3.0,2.0,2.0,2.0,1399.0,2.0,377990.0,Affordable
301,2003.0,4.0,3.0,2.0,2.0,2648.0,2.0,630000.0,Average
302,2003.0,3.0,3.0,2.0,2.0,2187.0,2.0,360990.0,Affordable
304,2003.0,3.0,3.0,2.0,2.0,2187.0,2.0,378990.0,Affordable
310,2003.0,4.0,0.0,2.0,2.0,2400.0,2.0,65000.0,Affordable
311,2003.0,3.0,3.0,2.0,2.0,1580.0,2.0,441990.0,Average
312,2003.0,4.0,3.0,2.0,2.0,2247.0,2.0,439990.0,Average
314,2003.0,4.0,3.0,2.0,2.0,1859.0,2.0,415300.0,Average
322,2003.0,3.0,2.0,2.0,2.0,1540.0,2.0,364900.0,Affordable
323,2003.0,3.0,2.0,2.0,2.0,1540.0,2.0,364900.0,Affordable
324,2003.0,3.0,2.0,2.0,2.0,1540.0,2.0,364900.0,Affordable
325,2003.0,3.0,3.0,2.0,2.0,3107.0,2.0,514990.0,Average
333,2003.0,4.0,3.0,2.0,2.0,1615.0,2.0,391990.0,Affordable
335,2003.0,4.0,3.0,2.0,2.0,2371.0,2.0,559990.0,Average
341,2003.0,4.0,0.0,2.0,2.0,2400.0,2.0,25500.0,Affordable
343,2010.0,3.0,2.0,2.0,2.0,2300.0,2.0,469900.0,Average
347,2003.0,3.0,3.0,2.0,2.0,2187.0,2.0,378990.0,Affordable
354,2003.0,4.0,3.0,2.0,2.0,2247.0,2.0,366990.0,Affordable
355,2003.0,3.0,3.0,2.0,2.0,1818.0,2.0,564990.0,Average
356,2003.0,5.0,3.0,2.0,2.0,2698.0,2.0,685900.0,Luxury
357,2003.0,3.0,3.0,2.0,2.0,1923.0,2.0,580500.0,Average
368,2003.0,5.0,3.0,2.0,2.0,2698.0,2.0,691900.0,Luxury
369,2003.0,2.0,2.0,2.0,2.0,2615.0,2.0,454900.0,Average
371,2003.0,3.0,3.0,2.0,2.0,2378.0,2.0,739990.0,Luxury
374,2003.0,3.0,2.0,2.0,2.0,1399.0,2.0,414990.0,Average
375,2003.0,3.0,2.0,2.0,2.0,1337.0,2.0,454900.0,Average
379,2003.0,4.0,3.0,2.0,2.0,2424.0,2.0,574900.0,Average
390,2003.0,3.0,3.0,2.0,2.0,1818.0,2.0,499990.0,Average
391,2003.0,3.0,3.0,2.0,2.0,2218.0,2.0,504990.0,Average
392,2003.0,3.0,3.0,2.0,2.0,2187.0,2.0,371990.0,Affordable
393,2003.0,3.0,3.0,2.0,2.0,2187.0,2.0,361990.0,Affordable
394,2003.0,4.0,3.0,2.0,2.0,2030.0,2.0,499900.0,Average
396,2003.0,3.0,2.0,2.0,2.0,1315.0,2.0,329990.0,Affordable
398,2003.0,3.0,2.0,2.0,2.0,1362.0,2.0,314990.0,Affordable
399,2003.0,3.0,2.0,2.0,2.0,1399.0,2.0,424990.0,Average
400,2003.0,3.0,2.0,2.0,2.0,1436.0,2.0,309990.0,Affordable
402,2003.0,4.0,3.0,2.0,2.0,2247.0,2.0,384990.0,Affordable
403,2003.0,4.0,0.0,2.0,2.0,2400.0,2.0,45000.0,Affordable
407,2003.0,3.0,3.0,2.0,2.0,3054.0,2.0,599900.0,Average
408,1996.0,2.0,2.0,2.0,2.0,1188.0,2.0,389000.0,Affordable
409,2003.0,4.0,3.0,2.0,2.0,2247.0,2.0,444990.0,Average
411,2003.0,3.0,2.0,2.0,2.0,1310.0,2.0,404990.0,Affordable
416,2003.0,3.0,3.0,2.0,2.0,2187.0,2.0,369990.0,Affordable
425,2003.0,3.0,3.0,2.0,2.0,1740.0,2.0,427000.0,Average
426,2003.0,4.0,3.0,2.0,2.0,2247.0,2.0,366990.0,Affordable
432,2003.0,3.0,3.0,2.0,2.0,1555.0,2.0,379990.0,Affordable
433,2003.0,4.0,3.0,2.0,2.0,2077.0,2.0,719500.0,Luxury
434,2003.0,3.0,3.0,2.0,2.0,2126.0,2.0,501990.0,Average
435,2003.0,3.0,2.0,2.0,2.0,1591.0,2.0,410400.0,Average
436,2003.0,3.0,3.0,2.0,2.0,2721.0,2.0,739500.0,Luxury
437,2003.0,4.0,3.0,2.0,2.0,2247.0,2.0,439990.0,Average
438,2003.0,3.0,3.0,2.0,2.0,2187.0,2.0,389990.0,Affordable
442,2003.0,4.0,3.0,2.0,2.0,2400.0,2.0,509990.0,Average
445,2003.0,3.0,3.0,2.0,2.0,2578.0,2.0,499990.0,Average
448,2003.0,2.0,2.0,2.0,2.0,1610.0,2.0,639990.0,Average
453,2003.0,4.0,3.0,2.0,2.0,2291.0,2.0,770900.0,Luxury
454,2003.0,4.0,3.0,2.0,2.0,2400.0,2.0,774990.0,Luxury
458,2003.0,4.0,3.0,2.0,2.0,2400.0,2.0,499990.0,Average
459,2007.0,4.0,3.0,2.0,2.0,2285.0,2.0,515000.0,Average
460,2003.0,3.0,2.0,2.0,2.0,1498.0,2.0,374900.0,Affordable
468,2003.0,3.0,3.0,2.0,2.0,2290.0,2.0,654990.0,Luxury
469,1996.0,3.0,2.0,2.0,2.0,1462.0,2.0,339000.0,Affordable
471,2003.0,3.0,3.0,2.0,2.0,1555.0,2.0,379990.0,Affordable
472,2003.0,3.0,2.0,2.0,2.0,1394.0,2.0,349990.0,Affordable
476,2003.0,4.0,0.0,2.0,2.0,2400.0,2.0,535000.0,Average
478,2003.0,3.0,2.0,2.0,2.0,1315.0,2.0,329990.0,Affordable
480,2003.0,3.0,3.0,2.0,2.0,1717.0,2.0,702900.0,Luxury
487,2003.0,3.0,3.0,2.0,2.0,2045.0,2.0,504990.0,Average
488,2003.0,3.0,3.0,2.0,2.0,1619.0,2.0,569990.0,Average
490,2003.0,4.0,0.0,2.0,2.0,2400.0,2.0,342000.0,Affordable
493,2003.0,3.0,3.0,2.0,2.0,2068.0,2.0,411600.0,Average
495,2003.0,3.0,2.0,2.0,2.0,1216.0,2.0,89900.0,Affordable
496,2003.0,3.0,3.0,2.0,2.0,2218.0,2.0,504990.0,Average
502,2003.0,3.0,3.0,2.0,2.0,2187.0,2.0,434990.0,Average
503,2003.0,3.0,3.0,2.0,2.0,1480.0,2.0,292500.0,Affordable
508,2003.0,3.0,3.0,2.0,2.0,2187.0,2.0,444990.0,Average
510,1997.0,4.0,2.0,2.0,2.0,2244.0,2.0,575000.0,Average
511,2003.0,3.0,2.0,2.0,2.0,1315.0,2.0,329990.0,Affordable
513,2003.0,4.0,3.0,2.0,2.0,2247.0,2.0,319990.0,Affordable
514,2003.0,3.0,3.0,2.0,2.0,2721.0,2.0,726500.0,Luxury
516,2003.0,3.0,2.0,2.0,2.0,1399.0,2.0,389990.0,Affordable
518,2003.0,3.0,3.0,2.0,2.0,2183.0,2.0,635000.0,Average
523,2003.0,3.0,3.0,2.0,2.0,2385.0,2.0,512900.0,Average
524,2003.0,4.0,3.0,2.0,2.0,2077.0,2.0,718900.0,Luxury
525,2003.0,3.0,2.0,2.0,2.0,1353.0,2.0,426300.0,Average
534,2003.0,4.0,3.0,2.0,2.0,2067.0,2.0,484990.0,Average
540,1997.0,5.0,3.0,2.0,2.0,2224.0,2.0,449000.0,Average
545,2005.0,4.0,2.0,2.0,2.0,2070.0,2.0,489000.0,Average
546,2003.0,3.0,3.0,2.0,2.0,1764.0,2.0,503920.0,Average
553,2003.0,3.0,3.0,2.0,2.0,1555.0,2.0,379990.0,Affordable
554,2003.0,3.0,3.0,2.0,2.0,2424.0,2.0,589990.0,Average
557,2003.0,4.0,3.0,2.0,2.0,2499.0,2.0,690581.0,Luxury
561,2003.0,2.0,2.0,2.0,2.0,2268.0,2.0,673500.0,Luxury
562,2003.0,3.0,3.0,2.0,2.0,2175.0,2.0,679880.0,Luxury
568,2003.0,3.0,3.0,2.0,2.0,2903.0,2.0,629990.0,Average
572,2003.0,5.0,3.0,2.0,2.0,2698.0,2.0,678900.0,Luxury
576,2003.0,3.0,3.0,2.0,2.0,2424.0,2.0,591990.0,Average
577,2003.0,3.0,2.0,2.0,2.0,1310.0,2.0,356990.0,Affordable
580,2003.0,2.0,2.0,2.0,2.0,2268.0,2.0,669500.0,Luxury
582,2003.0,3.0,3.0,2.0,2.0,2187.0,2.0,389990.0,Affordable
583,2003.0,3.0,2.0,2.0,2.0,1591.0,2.0,504295.0,Average
585,2003.0,3.0,3.0,2.0,2.0,1573.0,2.0,348000.0,Affordable
589,2003.0,2.0,2.0,2.0,2.0,2390.0,2.0,681900.0,Luxury
599,2003.0,4.0,0.0,2.0,2.0,2400.0,2.0,19000.0,Affordable
601,2003.0,4.0,3.0,2.0,2.0,2066.0,2.0,639100.0,Average
604,2003.0,3.0,3.0,2.0,2.0,2400.0,2.0,559990.0,Average
607,2003.0,4.0,3.0,2.0,2.0,1644.0,2.0,455900.0,Average
612,2003.0,3.0,3.0,2.0,2.0,1977.0,2.0,887846.0,Luxury
613,2003.0,3.0,3.0,2.0,2.0,1412.0,2.0,324990.0,Affordable
617,2003.0,3.0,2.0,2.0,2.0,1311.0,2.0,394990.0,Affordable
621,2003.0,4.0,3.0,2.0,2.0,1831.0,2.0,492900.0,Average
625,2003.0,3.0,3.0,2.0,2.0,1549.0,2.0,344990.0,Affordable
626,2003.0,3.0,3.0,2.0,2.0,2424.0,2.0,554990.0,Average
627,2003.0,3.0,3.0,2.0,2.0,1714.0,2.0,629900.0,Average
634,2003.0,4.0,3.0,2.0,2.0,2291.0,2.0,771900.0,Luxury
637,2003.0,3.0,3.0,2.0,2.0,2187.0,2.0,434990.0,Average
640,2003.0,3.0,3.0,2.0,2.0,1708.0,2.0,588800.0,Average
641,2003.0,4.0,3.0,2.0,2.0,1615.0,2.0,404990.0,Affordable
647,2003.0,3.0,3.0,2.0,2.0,2400.0,2.0,479990.0,Average
649,2003.0,3.0,3.0,2.0,2.0,1545.0,2.0,562900.0,Average
650,2003.0,3.0,2.0,2.0,2.0,1337.0,2.0,444900.0,Average
651,2003.0,3.0,2.0,2.0,2.0,1691.0,2.0,615875.0,Average
652,2003.0,3.0,3.0,2.0,2.0,1663.0,2.0,634900.0,Average
655,2003.0,5.0,2.0,2.0,2.0,2698.0,2.0,879900.0,Luxury
657,2003.0,3.0,3.0,2.0,2.0,2068.0,2.0,529500.0,Average
658,2003.0,4.0,0.0,2.0,2.0,2400.0,2.0,260000.0,Affordable
662,2003.0,3.0,3.0,2.0,2.0,2721.0,2.0,735500.0,Luxury
664,2003.0,4.0,3.0,2.0,2.0,2400.0,2.0,729990.0,Luxury
665,2003.0,3.0,3.0,2.0,2.0,1714.0,2.0,624900.0,Average
666,2003.0,3.0,3.0,2.0,2.0,2406.0,2.0,869900.0,Luxury
669,2003.0,3.0,3.0,2.0,2.0,3067.0,2.0,801920.0,Luxury
671,2003.0,3.0,2.0,2.0,2.0,1311.0,2.0,394990.0,Affordable
680,2003.0,3.0,3.0,2.0,2.0,3028.0,2.0,672990.0,Luxury
682,2003.0,4.0,3.0,2.0,2.0,2400.0,2.0,719990.0,Luxury
687,2003.0,4.0,3.0,2.0,2.0,2267.0,2.0,584990.0,Average
689,2003.0,4.0,0.0,2.0,2.0,2400.0,2.0,60000.0,Affordable
690,2003.0,3.0,3.0,2.0,2.0,1665.0,2.0,589900.0,Average
698,2003.0,3.0,2.0,2.0,2.0,1399.0,2.0,365990.0,Affordable
699,2003.0,3.0,3.0,2.0,2.0,2659.0,2.0,469900.0,Average
706,2003.0,2.0,3.0,2.0,2.0,1265.0,2.0,568900.0,Average
708,2003.0,4.0,3.0,2.0,2.0,2659.0,2.0,609900.0,Average
709,2003.0,3.0,3.0,2.0,2.0,2037.0,2.0,541195.0,Average
713,2003.0,3.0,3.0,2.0,2.0,2287.0,2.0,554990.0,Average
722,2003.0,3.0,3.0,2.0,2.0,2187.0,2.0,434990.0,Average
726,1992.0,4.0,3.0,2.0,2.0,2840.0,2.0,680000.0,Luxury
730,2003.0,3.0,3.0,2.0,2.0,3064.0,2.0,655990.0,Luxury
731,2003.0,3.0,2.0,2.0,2.0,1579.0,2.0,642500.0,Average
742,2003.0,3.0,3.0,2.0,2.0,2768.0,2.0,532835.0,Average
743,2003.0,3.0,3.0,2.0,2.0,2460.0,2.0,527900.0,Average
746,2003.0,4.0,3.0,2.0,2.0,2077.0,2.0,715500.0,Luxury
747,2003.0,3.0,3.0,2.0,2.0,2249.0,2.0,735000.0,Luxury
751,1991.0,4.0,2.0,2.0,2.0,1767.0,2.0,430000.0,Average
754,2003.0,3.0,3.0,2.0,2.0,2655.0,2.0,538900.0,Average
756,2003.0,4.0,0.0,2.0,2.0,2400.0,2.0,287600.0,Affordable
758,2003.0,4.0,3.0,2.0,2.0,2077.0,2.0,644375.0,Average
759,2003.0,3.0,3.0,2.0,2.0,2945.0,2.0,554990.0,Average
760,2003.0,3.0,3.0,2.0,2.0,1573.0,2.0,348000.0,Affordable
765,2003.0,3.0,3.0,2.0,2.0,1453.0,2.0,554900.0,Average
766,2003.0,3.0,3.0,2.0,2.0,1961.0,2.0,639900.0,Average
768,2003.0,3.0,3.0,2.0,2.0,2400.0,2.0,739990.0,Luxury
770,2003.0,2.0,3.0,2.0,2.0,1665.0,2.0,575650.0,Average
771,2003.0,4.0,0.0,2.0,2.0,2400.0,2.0,85000.0,Affordable
780,2003.0,3.0,3.0,2.0,2.0,2270.0,2.0,538500.0,Average
781,2003.0,3.0,3.0,2.0,2.0,2187.0,2.0,434990.0,Average
783,2003.0,2.0,2.0,2.0,2.0,1997.0,2.0,628900.0,Average
784,2003.0,3.0,2.0,2.0,2.0,1399.0,2.0,399990.0,Affordable
785,2003.0,3.0,2.0,2.0,2.0,1399.0,2.0,414990.0,Average
786,2003.0,3.0,3.0,2.0,2.0,2311.0,2.0,723130.0,Luxury
788,2003.0,4.0,0.0,2.0,2.0,2400.0,2.0,20000.0,Affordable
789,2003.0,4.0,3.0,2.0,2.0,2247.0,2.0,366990.0,Affordable
791,2003.0,3.0,3.0,2.0,2.0,1589.0,2.0,451900.0,Average
798,2003.0,3.0,3.0,2.0,2.0,1856.0,2.0,527485.0,Average
801,2003.0,3.0,3.0,2.0,2.0,2768.0,2.0,538900.0,Average
805,2003.0,4.0,3.0,2.0,2.0,2291.0,2.0,772500.0,Luxury
806,2003.0,3.0,3.0,2.0,2.0,2289.0,2.0,454900.0,Average
810,2003.0,4.0,3.0,2.0,2.0,2215.0,2.0,594500.0,Average
813,2003.0,2.0,3.0,2.0,2.0,1708.0,2.0,635000.0,Average
821,2003.0,3.0,3.0,2.0,2.0,1555.0,2.0,379990.0,Affordable
824,2003.0,4.0,3.0,2.0,2.0,2448.0,2.0,632500.0,Average
826,2003.0,3.0,3.0,2.0,2.0,1412.0,2.0,329990.0,Affordable
828,2003.0,4.0,3.0,2.0,2.0,2400.0,2.0,797034.0,Luxury
831,2003.0,3.0,3.0,2.0,2.0,2385.0,2.0,528990.0,Average
833,2003.0,3.0,3.0,2.0,2.0,2400.0,2.0,774990.0,Luxury
836,2003.0,4.0,3.0,2.0,2.0,2067.0,2.0,474990.0,Average
838,2003.0,3.0,3.0,2.0,2.0,1453.0,2.0,572900.0,Average
843,2003.0,4.0,3.0,2.0,2.0,2400.0,2.0,698825.0,Luxury
844,2003.0,4.0,3.0,2.0,2.0,1935.0,2.0,614105.0,Average
850,2003.0,3.0,3.0,2.0,2.0,2400.0,2.0,639990.0,Average
853,2003.0,3.0,3.0,2.0,2.0,1412.0,2.0,329990.0,Affordable
856,2003.0,4.0,3.0,2.0,2.0,2066.0,2.0,641320.0,Average
858,2003.0,3.0,2.0,2.0,2.0,1691.0,2.0,650900.0,Luxury
866,2003.0,3.0,3.0,2.0,2.0,2451.0,2.0,528995.0,Average
867,2003.0,4.0,3.0,2.0,2.0,1859.0,2.0,443100.0,Average
872,2003.0,3.0,3.0,2.0,2.0,2187.0,2.0,314990.0,Affordable
877,2003.0,4.0,3.0,2.0,2.0,2400.0,2.0,520984.0,Average
880,2003.0,3.0,3.0,2.0,2.0,2000.0,2.0,541500.0,Average
882,2003.0,3.0,3.0,2.0,2.0,1427.0,2.0,335900.0,Affordable
886,2003.0,3.0,3.0,2.0,2.0,1664.0,2.0,364900.0,Affordable
888,2003.0,3.0,2.0,2.0,2.0,1399.0,2.0,359990.0,Affordable
890,2003.0,3.0,3.0,2.0,2.0,2400.0,2.0,614230.0,Average
891,2003.0,3.0,3.0,2.0,2.0,1700.0,2.0,529500.0,Average
893,2003.0,3.0,3.0,2.0,2.0,2187.0,2.0,314990.0,Affordable
896,2003.0,3.0,3.0,2.0,2.0,2965.0,2.0,542750.0,Average
898,2003.0,4.0,3.0,2.0,2.0,2247.0,2.0,319990.0,Affordable
903,2003.0,3.0,3.0,2.0,2.0,1818.0,2.0,529990.0,Average
904,2003.0,4.0,3.0,2.0,2.0,1935.0,2.0,590635.0,Average
919,2003.0,3.0,3.0,2.0,2.0,1858.0,2.0,545920.0,Average
921,2003.0,3.0,3.0,2.0,2.0,1550.0,2.0,299990.0,Affordable
924,2003.0,3.0,0.0,2.0,2.0,2400.0,2.0,549990.0,Average
927,2003.0,3.0,2.0,2.0,2.0,1399.0,2.0,389990.0,Affordable
928,2003.0,3.0,3.0,2.0,2.0,2725.0,2.0,534990.0,Average
932,2003.0,3.0,3.0,2.0,2.0,1412.0,2.0,329990.0,Affordable
936,2003.0,3.0,2.0,2.0,2.0,1399.0,2.0,389990.0,Affordable
938,2003.0,4.0,0.0,2.0,2.0,2400.0,2.0,299900.0,Affordable
941,2003.0,4.0,3.0,2.0,2.0,2607.0,2.0,513990.0,Average
947,2003.0,4.0,3.0,2.0,2.0,2291.0,2.0,744600.0,Luxury
948,2003.0,3.0,3.0,2.0,2.0,1530.0,2.0,417900.0,Average
966,2003.0,4.0,3.0,2.0,2.0,2291.0,2.0,769900.0,Luxury
967,2003.0,3.0,3.0,2.0,2.0,1834.0,2.0,449900.0,Average
969,2003.0,3.0,3.0,2.0,2.0,1961.0,2.0,639500.0,Average
971,2003.0,2.0,2.0,2.0,2.0,1997.0,2.0,620900.0,Average
978,2003.0,4.0,3.0,2.0,2.0,2848.0,2.0,606500.0,Average
979,2002.0,5.0,2.0,2.0,2.0,2664.0,2.0,524900.0,Average
980,2003.0,3.0,3.0,2.0,2.0,1412.0,2.0,329990.0,Affordable
983,2003.0,3.0,3.0,2.0,2.0,1706.0,2.0,604900.0,Average
984,2003.0,3.0,3.0,2.0,2.0,1530.0,2.0,387900.0,Affordable
987,2016.0,3.0,2.0,2.0,2.0,2856.0,2.0,469900.0,Average
988,2003.0,3.0,2.0,2.0,2.0,1310.0,2.0,353990.0,Affordable
990,2003.0,3.0,3.0,2.0,2.0,2187.0,2.0,319990.0,Affordable
992,2003.0,3.0,3.0,2.0,2.0,1915.0,2.0,560625.0,Average
998,2003.0,3.0,3.0,2.0,2.0,2747.0,2.0,479900.0,Average
1000,2003.0,3.0,2.0,2.0,2.0,1310.0,2.0,353990.0,Affordable
1002,2003.0,3.0,3.0,2.0,2.0,2270.0,2.0,572500.0,Average
1007,2003.0,3.0,3.0,2.0,2.0,1708.0,2.0,615000.0,Average
1011,2003.0,3.0,3.0,2.0,2.0,2460.0,2.0,577900.0,Average
1013,2019.0,3.0,2.0,2.0,2.0,2804.0,2.0,499000.0,Average
1014,2003.0,4.0,3.0,2.0,2.0,1615.0,2.0,396990.0,Affordable
1015,2003.0,3.0,3.0,2.0,2.0,2667.0,2.0,551900.0,Average
1018,2003.0,3.0,3.0,2.0,2.0,2289.0,2.0,454900.0,Average
1021,2003.0,4.0,3.0,2.0,2.0,2614.0,2.0,726900.0,Luxury
1022,2003.0,4.0,3.0,2.0,2.0,2066.0,2.0,715900.0,Luxury
1024,2003.0,3.0,3.0,2.0,2.0,2187.0,2.0,319990.0,Affordable
1027,2003.0,3.0,2.0,2.0,2.0,1399.0,2.0,378990.0,Affordable
1029,2003.0,3.0,3.0,2.0,2.0,1700.0,2.0,512500.0,Average
1030,2003.0,4.0,3.0,2.0,2.0,2424.0,2.0,595900.0,Average
1031,2003.0,4.0,3.0,2.0,2.0,2583.0,2.0,610500.0,Average
1032,2003.0,3.0,3.0,2.0,2.0,1925.0,2.0,631900.0,Average
1033,2003.0,4.0,3.0,2.0,2.0,2247.0,2.0,319990.0,Affordable
1039,2003.0,3.0,2.0,2.0,2.0,1310.0,2.0,356990.0,Affordable
1045,2003.0,3.0,3.0,2.0,2.0,2520.0,2.0,587500.0,Average
1050,2003.0,4.0,3.0,2.0,2.0,1615.0,2.0,396990.0,Affordable
1052,2003.0,4.0,3.0,2.0,2.0,2291.0,2.0,772500.0,Luxury
1055,2003.0,3.0,3.0,2.0,2.0,2250.0,2.0,549990.0,Average
1057,2003.0,3.0,2.0,2.0,2.0,1540.0,2.0,364900.0,Affordable
1063,2003.0,2.0,3.0,2.0,2.0,1590.0,2.0,505500.0,Average
1065,2003.0,3.0,2.0,2.0,2.0,1310.0,2.0,353990.0,Affordable
1070,2003.0,3.0,3.0,2.0,2.0,1806.0,2.0,438500.0,Average
1073,2003.0,3.0,3.0,2.0,2.0,2187.0,2.0,314990.0,Affordable
1078,2003.0,3.0,3.0,2.0,2.0,2224.0,2.0,616500.0,Average
1087,2003.0,3.0,2.0,2.0,2.0,1540.0,2.0,364900.0,Affordable
1091,2003.0,3.0,3.0,2.0,2.0,1759.0,2.0,529990.0,Average
1093,2003.0,3.0,3.0,2.0,2.0,2191.0,2.0,469990.0,Average
1095,2003.0,3.0,3.0,2.0,2.0,2030.0,2.0,541500.0,Average
1096,2003.0,4.0,3.0,2.0,2.0,2247.0,2.0,439990.0,Average
1097,2003.0,4.0,3.0,2.0,2.0,1616.0,2.0,444990.0,Average
1098,2003.0,3.0,3.0,2.0,2.0,2520.0,2.0,606500.0,Average
1099,2003.0,2.0,3.0,2.0,2.0,1862.0,2.0,545500.0,Average
1103,2003.0,3.0,3.0,2.0,2.0,3120.0,2.0,599900.0,Average
1104,2003.0,3.0,3.0,2.0,2.0,3055.0,2.0,469990.0,Average
1109,2003.0,3.0,2.0,2.0,2.0,1399.0,2.0,389990.0,Affordable
1110,2003.0,3.0,3.0,2.0,2.0,2000.0,2.0,511500.0,Average
1115,2003.0,3.0,2.0,2.0,2.0,1540.0,2.0,364900.0,Affordable
1116,2003.0,3.0,3.0,2.0,2.0,3054.0,2.0,564900.0,Average
1118,2003.0,4.0,3.0,2.0,2.0,1480.0,2.0,292500.0,Affordable
1121,2003.0,4.0,3.0,2.0,2.0,2400.0,2.0,550000.0,Average
1125,2003.0,3.0,3.0,2.0,2.0,1500.0,2.0,538500.0,Average
1133,2003.0,3.0,3.0,2.0,2.0,1540.0,2.0,364900.0,Affordable
1135,2003.0,3.0,3.0,2.0,2.0,1873.0,2.0,498900.0,Average
1137,2003.0,4.0,3.0,2.0,2.0,2848.0,2.0,651500.0,Luxury
1138,2003.0,3.0,3.0,2.0,2.0,2527.0,2.0,464900.0,Average
1139,2003.0,3.0,3.0,2.0,2.0,2505.0,2.0,589990.0,Average
1147,2003.0,3.0,2.0,2.0,2.0,1399.0,2.0,399990.0,Affordable
1151,2003.0,3.0,3.0,2.0,2.0,2126.0,2.0,502990.0,Average
1153,2003.0,2.0,3.0,2.0,2.0,2526.0,2.0,540750.0,Average
1156,2003.0,4.0,0.0,2.0,2.0,2400.0,2.0,680000.0,Luxury
1157,2003.0,3.0,3.0,2.0,2.0,2520.0,2.0,560990.0,Average
1160,2003.0,4.0,0.0,2.0,2.0,2400.0,2.0,149900.0,Affordable
1165,2003.0,3.0,3.0,2.0,2.0,1810.0,2.0,569900.0,Average
1167,2003.0,4.0,0.0,2.0,2.0,2400.0,2.0,15000.0,Affordable
1172,2003.0,4.0,0.0,2.0,2.0,2400.0,2.0,149900.0,Affordable
1176,2003.0,4.0,0.0,2.0,2.0,2400.0,2.0,205000.0,Affordable
1178,2003.0,3.0,3.0,2.0,2.0,1818.0,2.0,529990.0,Average
1179,2002.0,5.0,3.0,2.0,2.0,2585.0,2.0,524900.0,Average
1187,2003.0,4.0,0.0,2.0,2.0,2400.0,2.0,473250.0,Average
1188,2003.0,3.0,3.0,2.0,2.0,1818.0,2.0,515469.0,Average
1204,2003.0,4.0,0.0,2.0,2.0,2400.0,2.0,112000.0,Affordable
1206,2013.0,3.0,3.0,2.0,2.0,2197.0,2.0,990000.0,Luxury
1208,2003.0,3.0,3.0,2.0,2.0,2753.0,2.0,534900.0,Average
1219,2003.0,3.0,3.0,2.0,2.0,2460.0,2.0,504900.0,Average
1221,2003.0,3.0,3.0,2.0,2.0,1310.0,2.0,528995.0,Average
1226,2003.0,3.0,3.0,2.0,2.0,1810.0,2.0,569900.0,Average
1227,2003.0,3.0,3.0,2.0,2.0,2527.0,2.0,534900.0,Average
1235,2003.0,3.0,3.0,2.0,2.0,1818.0,2.0,562990.0,Average
1274,2003.0,4.0,3.0,2.0,2.0,2828.0,2.0,490000.0,Average
1291,2003.0,4.0,0.0,2.0,2.0,2400.0,2.0,75000.0,Affordable
1292,2003.0,2.0,3.0,2.0,2.0,2145.0,2.0,609990.0,Average
1296,2003.0,4.0,3.0,2.0,2.0,2448.0,2.0,594500.0,Average
1300,2003.0,4.0,0.0,2.0,2.0,2400.0,2.0,225000.0,Affordable
1305,2003.0,2.0,3.0,2.0,2.0,1932.0,2.0,575000.0,Average
1309,2003.0,2.0,3.0,2.0,2.0,1263.0,2.0,445000.0,Average
1313,2003.0,3.0,3.0,2.0,2.0,1625.0,2.0,535500.0,Average
1318,2003.0,2.0,3.0,2.0,2.0,1665.0,2.0,570000.0,Average
1319,2003.0,3.0,3.0,2.0,2.0,1579.0,2.0,620000.0,Average
1326,2003.0,4.0,0.0,2.0,2.0,2400.0,2.0,57000.0,Affordable
1330,2003.0,3.0,3.0,2.0,2.0,1547.0,2.0,402990.0,Affordable
1332,2003.0,3.0,3.0,2.0,2.0,1574.0,2.0,499000.0,Average
1333,2003.0,4.0,3.0,2.0,2.0,2291.0,2.0,766000.0,Luxury
1335,2003.0,2.0,3.0,2.0,2.0,2268.0,2.0,630000.0,Average
1336,2003.0,4.0,3.0,2.0,2.0,2122.0,2.0,760000.0,Luxury
1345,2003.0,3.0,3.0,2.0,2.0,2125.0,2.0,604900.0,Average
1354,2003.0,3.0,3.0,2.0,2.0,1708.0,2.0,570000.0,Average
1355,2003.0,4.0,0.0,2.0,2.0,2400.0,2.0,29000.0,Affordable
1357,2003.0,3.0,3.0,2.0,2.0,1806.0,2.0,543500.0,Average
1360,2003.0,3.0,3.0,2.0,2.0,2030.0,2.0,510000.0,Average
1364,2003.0,3.0,3.0,2.0,2.0,1498.0,2.0,374900.0,Affordable
1365,2003.0,4.0,3.0,2.0,2.0,1824.0,2.0,401900.0,Affordable
1366,2003.0,2.0,3.0,2.0,2.0,1265.0,2.0,500000.0,Average
1368,2003.0,4.0,3.0,2.0,2.0,2876.0,2.0,649990.0,Average
1370,2003.0,4.0,0.0,2.0,2.0,2400.0,2.0,10000.0,Affordable
1372,2003.0,4.0,3.0,2.0,2.0,1758.0,2.0,395900.0,Affordable
1379,2003.0,3.0,3.0,2.0,2.0,2745.0,2.0,519900.0,Average
1380,2003.0,4.0,0.0,2.0,2.0,2400.0,2.0,50000.0,Affordable
1383,2003.0,3.0,3.0,2.0,2.0,1706.0,2.0,500000.0,Average
1385,2000.0,4.0,2.0,2.0,2.0,2508.0,2.0,555000.0,Average
1388,2003.0,2.0,3.0,2.0,2.0,1793.0,2.0,725000.0,Luxury
1389,2003.0,4.0,3.0,2.0,2.0,2215.0,2.0,632500.0,Average
1391,2003.0,4.0,0.0,2.0,2.0,2400.0,2.0,24900.0,Affordable
1393,2003.0,4.0,3.0,2.0,2.0,2150.0,2.0,526900.0,Average
1398,2003.0,4.0,0.0,2.0,2.0,2400.0,2.0,349000.0,Affordable
1407,2005.0,4.0,2.0,2.0,2.0,1891.0,2.0,485000.0,Average
1408,2003.0,4.0,0.0,2.0,2.0,2400.0,2.0,175000.0,Affordable
1410,2003.0,4.0,0.0,2.0,2.0,2400.0,2.0,99990.0,Affordable
1412,2003.0,4.0,0.0,2.0,2.0,2400.0,2.0,300000.0,Affordable
1421,2003.0,4.0,0.0,2.0,2.0,2400.0,2.0,125000.0,Affordable
1437,2003.0,4.0,0.0,2.0,2.0,2400.0,2.0,295000.0,Affordable
1460,2003.0,4.0,0.0,2.0,2.0,2400.0,2.0,495000.0,Average
1461,2012.0,3.0,3.0,2.0,2.0,1692.0,2.0,435000.0,Average
1471,2003.0,4.0,0.0,2.0,2.0,2400.0,2.0,95000.0,Affordable
1476,2003.0,4.0,0.0,2.0,2.0,2400.0,2.0,225000.0,Affordable
1482,2003.0,3.0,3.0,2.0,2.0,2141.0,2.0,448900.0,Average
1483,2003.0,3.0,3.0,2.0,2.0,1648.0,2.0,292500.0,Affordable
1484,2003.0,3.0,3.0,2.0,2.0,2270.0,2.0,613500.0,Average
1491,2003.0,3.0,3.0,2.0,2.0,2125.0,2.0,604900.0,Average
1492,2003.0,4.0,0.0,2.0,2.0,2400.0,2.0,120000.0,Affordable
1493,2003.0,4.0,0.0,2.0,2.0,2400.0,2.0,150000.0,Affordable
1494,2003.0,3.0,3.0,2.0,2.0,2280.0,2.0,462900.0,Average
1499,2003.0,4.0,0.0,2.0,2.0,2400.0,2.0,360000.0,Affordable
1507,2003.0,3.0,3.0,2.0,2.0,2389.0,2.0,995000.0,Luxury
1511,2003.0,4.0,3.0,2.0,2.0,2284.0,2.0,760000.0,Luxury
1518,2003.0,4.0,0.0,2.0,2.0,2400.0,2.0,32000.0,Affordable
1525,2003.0,4.0,0.0,2.0,2.0,2400.0,2.0,385000.0,Affordable
1527,1985.0,3.0,2.0,2.0,2.0,1900.0,2.0,389000.0,Affordable
1537,2005.0,3.0,3.0,2.0,2.0,1804.0,2.0,520000.0,Average
1542,2003.0,4.0,0.0,2.0,2.0,2400.0,2.0,310500.0,Affordable
1568,2003.0,4.0,0.0,2.0,2.0,2400.0,2.0,160000.0,Affordable
1576,2003.0,4.0,0.0,2.0,2.0,2400.0,2.0,359900.0,Affordable
1579,2003.0,4.0,0.0,2.0,2.0,2400.0,2.0,90000.0,Affordable
1588,2003.0,4.0,0.0,2.0,2.0,2400.0,2.0,129900.0,Affordable
1599,2003.0,4.0,0.0,2.0,2.0,2400.0,2.0,599000.0,Average
1621,2021.0,3.0,3.0,2.0,2.0,1736.0,2.0,485000.0,Average
1643,2003.0,4.0,0.0,2.0,2.0,2400.0,2.0,94999.0,Affordable
1647,2003.0,4.0,0.0,2.0,2.0,2400.0,2.0,199900.0,Affordable
1652,2006.0,3.0,3.0,2.0,2.0,1487.0,2.0,347000.0,Affordable
1660,2007.0,4.0,2.0,2.0,2.0,1930.0,2.0,389999.0,Affordable
1688,2016.0,3.0,2.0,2.0,2.0,2872.0,2.0,449900.0,Average
1694,1983.0,4.0,2.0,2.0,2.0,2196.0,2.0,389900.0,Affordable
1698,2008.0,3.0,2.0,2.0,2.0,1056.0,2.0,89000.0,Affordable
1704,2003.0,3.0,3.0,2.0,2.0,1960.0,2.0,579900.0,Average
1705,2003.0,4.0,0.0,2.0,2.0,2400.0,2.0,30000.0,Affordable
1718,2003.0,4.0,0.0,2.0,2.0,2400.0,2.0,65000.0,Affordable
1726,2003.0,4.0,0.0,2.0,2.0,2400.0,2.0,110000.0,Affordable
1735,1988.0,2.0,2.0,2.0,2.0,1426.0,2.0,475000.0,Average
1744,2003.0,4.0,0.0,2.0,2.0,2400.0,2.0,850000.0,Luxury
1754,2003.0,4.0,0.0,2.0,2.0,2400.0,2.0,65000.0,Affordable
1763,2003.0,4.0,0.0,2.0,2.0,2400.0,2.0,159000.0,Affordable
1768,1998.0,4.0,3.0,2.0,2.0,1906.0,2.0,419900.0,Average
1786,2003.0,3.0,3.0,2.0,2.0,1526.0,2.0,519500.0,Average
1801,2003.0,4.0,0.0,2.0,2.0,2400.0,2.0,140000.0,Affordable
1802,2000.0,4.0,2.0,2.0,2.0,1458.0,2.0,129000.0,Affordable
1805,2003.0,4.0,0.0,2.0,2.0,2400.0,2.0,369999.0,Affordable
1808,2003.0,4.0,0.0,2.0,2.0,2400.0,2.0,49900.0,Affordable
1813,2003.0,4.0,0.0,2.0,2.0,2400.0,2.0,150000.0,Affordable
1826,2003.0,4.0,0.0,2.0,2.0,2400.0,2.0,499000.0,Average
1860,2003.0,4.0,0.0,2.0,2.0,2400.0,2.0,325000.0,Affordable
1882,2003.0,4.0,0.0,2.0,2.0,2400.0,2.0,45000.0,Affordable
1885,2018.0,4.0,3.0,2.0,2.0,1863.0,2.0,435000.0,Average
1886,2003.0,4.0,0.0,2.0,2.0,2400.0,2.0,59900.0,Affordable
1903,2003.0,4.0,0.0,2.0,2.0,2400.0,2.0,150000.0,Affordable
1908,2000.0,3.0,3.0,2.0,2.0,1610.0,2.0,444000.0,Average
1935,2006.0,4.0,3.0,2.0,2.0,2246.0,2.0,490000.0,Average
1939,2003.0,4.0,0.0,2.0,2.0,2400.0,2.0,129000.0,Affordable
1940,2003.0,4.0,0.0,2.0,2.0,2400.0,2.0,209900.0,Affordable
1941,2003.0,4.0,0.0,2.0,2.0,2400.0,2.0,369500.0,Affordable
1943,2003.0,4.0,0.0,2.0,2.0,2400.0,2.0,209900.0,Affordable
1944,2003.0,4.0,0.0,2.0,2.0,2400.0,2.0,367000.0,Affordable
1945,2003.0,4.0,0.0,2.0,2.0,2400.0,2.0,199900.0,Affordable
1946,2003.0,4.0,0.0,2.0,2.0,2400.0,2.0,39000.0,Affordable
1947,2003.0,4.0,0.0,2.0,2.0,2400.0,2.0,400500.0,Affordable
1948,2003.0,4.0,0.0,2.0,2.0,2400.0,2.0,62900.0,Affordable
1951,2003.0,4.0,0.0,2.0,2.0,2400.0,2.0,359500.0,Affordable
1953,2003.0,4.0,0.0,2.0,2.0,2400.0,2.0,44000.0,Affordable
1954,2003.0,4.0,0.0,2.0,2.0,2400.0,2.0,199900.0,Affordable
1955,2003.0,4.0,0.0,2.0,2.0,2400.0,2.0,199000.0,Affordable
1956,2003.0,4.0,0.0,2.0,2.0,2400.0,2.0,90000.0,Affordable
1958,2003.0,4.0,0.0,2.0,2.0,2400.0,2.0,170000.0,Affordable
1959,2003.0,4.0,0.0,2.0,2.0,2400.0,2.0,699900.0,Luxury
1960,2003.0,4.0,0.0,2.0,2.0,2400.0,2.0,138000.0,Affordable
1961,2003.0,4.0,0.0,2.0,2.0,2400.0,2.0,409000.0,Affordable
1962,2003.0,4.0,0.0,2.0,2.0,2400.0,2.0,209900.0,Affordable
1963,2003.0,4.0,0.0,2.0,2.0,2400.0,2.0,383500.0,Affordable
1964,2003.0,4.0,0.0,2.0,2.0,2400.0,2.0,357500.0,Affordable
1966,2003.0,4.0,0.0,2.0,2.0,2400.0,2.0,89000.0,Affordable
1968,2003.0,4.0,0.0,2.0,2.0,2400.0,2.0,189900.0,Affordable
1969,2003.0,4.0,0.0,2.0,2.0,2400.0,2.0,367000.0,Affordable
1970,2003.0,4.0,0.0,2.0,2.0,2400.0,2.0,209900.0,Affordable
1971,2003.0,4.0,0.0,2.0,2.0,2400.0,2.0,359000.0,Affordable
1972,2003.0,4.0,0.0,2.0,2.0,2400.0,2.0,239000.0,Affordable
1973,2003.0,4.0,0.0,2.0,2.0,2400.0,2.0,378000.0,Affordable
1974,2003.0,4.0,0.0,2.0,2.0,2400.0,2.0,300000.0,Affordable
1975,2003.0,4.0,0.0,2.0,2.0,2400.0,2.0,285000.0,Affordable
1976,2003.0,3.0,2.0,2.0,2.0,3035.0,2.0,778900.0,Luxury
1978,2003.0,4.0,0.0,2.0,2.0,2400.0,2.0,345000.0,Affordable
1979,2003.0,4.0,0.0,2.0,2.0,2400.0,2.0,298000.0,Affordable
1980,2011.0,3.0,2.0,2.0,2.0,1380.0,2.0,324900.0,Affordable
1989,2003.0,4.0,0.0,2.0,2.0,2400.0,2.0,42000.0,Affordable
1990,2003.0,4.0,0.0,2.0,2.0,2400.0,2.0,110000.0,Affordable
1994,2003.0,4.0,0.0,2.0,2.0,2400.0,2.0,129900.0,Affordable
1995,2003.0,4.0,0.0,2.0,2.0,2400.0,2.0,650000.0,Average
1996,2003.0,4.0,0.0,2.0,2.0,2400.0,2.0,995000.0,Luxury
1997,2003.0,4.0,0.0,2.0,2.0,2400.0,2.0,965000.0,Luxury
2000,2003.0,4.0,0.0,2.0,2.0,2400.0,2.0,298000.0,Affordable
2001,2003.0,4.0,0.0,2.0,2.0,2400.0,2.0,400000.0,Affordable
2005,2003.0,4.0,0.0,2.0,2.0,2400.0,2.0,199900.0,Affordable
2006,2003.0,4.0,0.0,2.0,2.0,2400.0,2.0,449000.0,Average
2007,2003.0,4.0,0.0,2.0,2.0,2400.0,2.0,25000.0,Affordable
2009,2003.0,4.0,0.0,2.0,2.0,2400.0,2.0,499000.0,Average
2010,2003.0,4.0,0.0,2.0,2.0,2400.0,2.0,649900.0,Average
2020,2003.0,4.0,0.0,2.0,2.0,2400.0,2.0,149000.0,Affordable
2022,2003.0,4.0,0.0,2.0,2.0,2400.0,2.0,199900.0,Affordable
2023,2003.0,4.0,0.0,2.0,2.0,2400.0,2.0,385000.0,Affordable
2024,2003.0,4.0,0.0,2.0,2.0,2400.0,2.0,500000.0,Average
2025,2003.0,4.0,0.0,2.0,2.0,2400.0,2.0,125000.0,Affordable
2026,2003.0,4.0,0.0,2.0,2.0,2400.0,2.0,149900.0,Affordable
2028,2003.0,4.0,0.0,2.0,2.0,2400.0,2.0,299000.0,Affordable
2029,2003.0,4.0,0.0,2.0,2.0,2400.0,2.0,150000.0,Affordable
2030,2003.0,4.0,0.0,2.0,2.0,2400.0,2.0,199900.0,Affordable
2031,2003.0,4.0,0.0,2.0,2.0,2400.0,2.0,679000.0,Luxury
2032,2003.0,4.0,0.0,2.0,2.0,2400.0,2.0,180000.0,Affordable
2033,2003.0,4.0,0.0,2.0,2.0,2400.0,2.0,399900.0,Affordable
2034,2003.0,4.0,0.0,2.0,2.0,2400.0,2.0,244900.0,Affordable
2035,2003.0,4.0,0.0,2.0,2.0,2400.0,2.0,133000.0,Affordable
2036,2003.0,4.0,0.0,2.0,2.0,2400.0,2.0,74000.0,Affordable
2037,2003.0,4.0,0.0,2.0,2.0,2400.0,2.0,199900.0,Affordable
2039,2003.0,4.0,0.0,2.0,2.0,2400.0,2.0,209900.0,Affordable
2042,2003.0,4.0,0.0,2.0,2.0,2400.0,2.0,250000.0,Affordable
2043,2003.0,4.0,0.0,2.0,2.0,2400.0,2.0,265000.0,Affordable
2046,2003.0,4.0,0.0,2.0,2.0,2400.0,2.0,299000.0,Affordable
2047,2003.0,4.0,0.0,2.0,2.0,2400.0,2.0,199900.0,Affordable
2048,2003.0,4.0,0.0,2.0,2.0,2400.0,2.0,225000.0,Affordable
2049,2003.0,4.0,0.0,2.0,2.0,2400.0,2.0,225000.0,Affordable
2054,2003.0,3.0,2.0,2.0,2.0,2607.0,2.0,499900.0,Average
2058,2003.0,4.0,0.0,2.0,2.0,2400.0,2.0,99000.0,Affordable
2060,2003.0,4.0,0.0,2.0,2.0,2400.0,2.0,367700.0,Affordable
2062,2003.0,4.0,0.0,2.0,2.0,2400.0,2.0,200000.0,Affordable
2063,2003.0,4.0,0.0,2.0,2.0,2400.0,2.0,253600.0,Affordable
2064,2003.0,4.0,0.0,2.0,2.0,2400.0,2.0,185000.0,Affordable
2065,2003.0,4.0,0.0,2.0,2.0,2400.0,2.0,59000.0,Affordable
2066,2003.0,4.0,0.0,2.0,2.0,2400.0,2.0,137000.0,Affordable
2067,2003.0,4.0,0.0,2.0,2.0,2400.0,2.0,42000.0,Affordable
2068,2003.0,4.0,0.0,2.0,2.0,2400.0,2.0,32000.0,Affordable
2071,2003.0,4.0,0.0,2.0,2.0,2400.0,2.0,175000.0,Affordable
2072,2003.0,4.0,0.0,2.0,2.0,2400.0,2.0,975000.0,Luxury
2073,2003.0,4.0,0.0,2.0,2.0,2400.0,2.0,380000.0,Affordable
2074,2003.0,4.0,0.0,2.0,2.0,2400.0,2.0,139000.0,Affordable
2075,2003.0,4.0,0.0,2.0,2.0,2400.0,2.0,199000.0,Affordable
2076,2003.0,4.0,0.0,2.0,2.0,2400.0,2.0,165112.0,Affordable
2077,2003.0,4.0,0.0,2.0,2.0,2400.0,2.0,159500.0,Affordable
2078,2003.0,4.0,0.0,2.0,2.0,2400.0,2.0,45000.0,Affordable
2080,2003.0,4.0,0.0,2.0,2.0,2400.0,2.0,220000.0,Affordable
2081,2003.0,4.0,0.0,2.0,2.0,2400.0,2.0,199900.0,Affordable
2083,2003.0,4.0,0.0,2.0,2.0,2400.0,2.0,400000.0,Affordable
2085,2003.0,4.0,0.0,2.0,2.0,2400.0,2.0,175000.0,Affordable
2086,2003.0,4.0,0.0,2.0,2.0,2400.0,2.0,353250.0,Affordable
2087,2003.0,4.0,0.0,2.0,2.0,2400.0,2.0,359999.0,Affordable
2088,2003.0,4.0,0.0,2.0,2.0,2400.0,2.0,204000.0,Affordable
2090,2003.0,4.0,0.0,2.0,2.0,2400.0,2.0,130000.0,Affordable
2091,2003.0,4.0,0.0,2.0,2.0,2400.0,2.0,44900.0,Affordable
2092,2003.0,4.0,0.0,2.0,2.0,2400.0,2.0,364100.0,Affordable
2095,2003.0,4.0,0.0,2.0,2.0,2400.0,2.0,242888.0,Affordable
2096,2003.0,4.0,0.0,2.0,2.0,2400.0,2.0,630000.0,Average
2097,2003.0,4.0,0.0,2.0,2.0,2400.0,2.0,150000.0,Affordable
2099,2003.0,4.0,0.0,2.0,2.0,2400.0,2.0,305000.0,Affordable
2100,2003.0,4.0,0.0,2.0,2.0,2400.0,2.0,539900.0,Average
2101,2003.0,4.0,0.0,2.0,2.0,2400.0,2.0,172900.0,Affordable
2102,2003.0,4.0,0.0,2.0,2.0,2400.0,2.0,140000.0,Affordable
2104,2003.0,4.0,0.0,2.0,2.0,2400.0,2.0,400000.0,Affordable
2106,2003.0,3.0,2.0,2.0,2.0,2200.0,2.0,410000.0,Average
2108,2003.0,4.0,0.0,2.0,2.0,2400.0,2.0,450000.0,Average
2109,1997.0,3.0,2.0,2.0,2.0,1196.0,2.0,314900.0,Affordable
2110,2003.0,2.0,3.0,2.0,2.0,1862.0,2.0,525500.0,Average
2111,2003.0,4.0,0.0,2.0,2.0,2400.0,2.0,550000.0,Average
2115,2003.0,4.0,0.0,2.0,2.0,2400.0,2.0,287500.0,Affordable
2123,2003.0,4.0,0.0,2.0,2.0,2400.0,2.0,110000.0,Affordable
2124,2003.0,4.0,0.0,2.0,2.0,2400.0,2.0,1000000.0,Luxury
2130,2003.0,4.0,0.0,2.0,2.0,2400.0,2.0,650000.0,Average
2133,2003.0,4.0,0.0,2.0,2.0,2400.0,2.0,999000.0,Luxury
2138,1989.0,3.0,2.0,2.0,2.0,1562.0,2.0,510000.0,Average
2146,2003.0,4.0,0.0,2.0,2.0,2400.0,2.0,20000.0,Affordable
2150,2003.0,4.0,0.0,2.0,2.0,2400.0,2.0,50000.0,Affordable
2151,2003.0,4.0,0.0,2.0,2.0,2400.0,2.0,295000.0,Affordable
2152,2003.0,4.0,0.0,2.0,2.0,2400.0,2.0,189000.0,Affordable
2153,2003.0,4.0,0.0,2.0,2.0,2400.0,2.0,209900.0,Affordable
2154,2003.0,4.0,0.0,2.0,2.0,2400.0,2.0,360000.0,Affordable
2155,2003.0,4.0,0.0,2.0,2.0,2400.0,2.0,60000.0,Affordable
2156,2003.0,4.0,0.0,2.0,2.0,2400.0,2.0,415000.0,Average
2157,2003.0,4.0,0.0,2.0,2.0,2400.0,2.0,330000.0,Affordable
2158,2003.0,4.0,0.0,2.0,2.0,2400.0,2.0,299000.0,Affordable
2159,2003.0,4.0,0.0,2.0,2.0,2400.0,2.0,100000.0,Affordable
2160,2003.0,4.0,0.0,2.0,2.0,2400.0,2.0,255000.0,Affordable
2161,2003.0,4.0,0.0,2.0,2.0,2400.0,2.0,282500.0,Affordable
2163,2003.0,4.0,0.0,2.0,2.0,2400.0,2.0,155000.0,Affordable
2164,2003.0,4.0,0.0,2.0,2.0,2400.0,2.0,295700.0,Affordable
2165,2003.0,4.0,0.0,2.0,2.0,2400.0,2.0,185000.0,Affordable
2166,2003.0,4.0,0.0,2.0,2.0,2400.0,2.0,499000.0,Average
2167,2003.0,4.0,0.0,2.0,2.0,2400.0,2.0,264000.0,Affordable
2168,2003.0,4.0,0.0,2.0,2.0,2400.0,2.0,96000.0,Affordable
2170,2003.0,4.0,0.0,2.0,2.0,2400.0,2.0,240000.0,Affordable
2171,2003.0,4.0,0.0,2.0,2.0,2400.0,2.0,190000.0,Affordable
2172,2003.0,4.0,0.0,2.0,2.0,2400.0,2.0,84900.0,Affordable
2173,2003.0,4.0,0.0,2.0,2.0,2400.0,2.0,96000.0,Affordable
2174,2003.0,4.0,0.0,2.0,2.0,2400.0,2.0,400000.0,Affordable
2175,2003.0,4.0,0.0,2.0,2.0,2400.0,2.0,49900.0,Affordable
2176,2003.0,4.0,0.0,2.0,2.0,2400.0,2.0,268500.0,Affordable
2177,2003.0,4.0,0.0,2.0,2.0,2400.0,2.0,255000.0,Affordable
2178,2003.0,4.0,0.0,2.0,2.0,2400.0,2.0,250000.0,Affordable
2179,2003.0,4.0,0.0,2.0,2.0,2400.0,2.0,289900.0,Affordable
2180,2003.0,4.0,0.0,2.0,2.0,2400.0,2.0,290000.0,Affordable
2181,2003.0,4.0,0.0,2.0,2.0,2400.0,2.0,270000.0,Affordable
2182,2003.0,4.0,0.0,2.0,2.0,2400.0,2.0,225000.0,Affordable
2184,2003.0,4.0,0.0,2.0,2.0,2400.0,2.0,282500.0,Affordable
2185,2003.0,4.0,0.0,2.0,2.0,2400.0,2.0,385000.0,Affordable
2187,2003.0,4.0,0.0,2.0,2.0,2400.0,2.0,70000.0,Affordable
2188,2003.0,4.0,0.0,2.0,2.0,2400.0,2.0,96000.0,Affordable
2191,2003.0,4.0,0.0,2.0,2.0,2400.0,2.0,265000.0,Affordable
2192,2003.0,4.0,0.0,2.0,2.0,2400.0,2.0,270000.0,Affordable
2193,2003.0,4.0,0.0,2.0,2.0,2400.0,2.0,420000.0,Average
2195,2003.0,4.0,0.0,2.0,2.0,2400.0,2.0,250000.0,Affordable
2196,2003.0,4.0,0.0,2.0,2.0,2400.0,2.0,169672.0,Affordable
2197,2003.0,4.0,0.0,2.0,2.0,2400.0,2.0,299990.0,Affordable
2198,2003.0,4.0,0.0,2.0,2.0,2400.0,2.0,214000.0,Affordable
2199,2003.0,4.0,0.0,2.0,2.0,2400.0,2.0,199000.0,Affordable
2200,2003.0,4.0,0.0,2.0,2.0,2400.0,2.0,266250.0,Affordable
2201,2003.0,4.0,0.0,2.0,2.0,2400.0,2.0,300000.0,Affordable
2202,2003.0,4.0,0.0,2.0,2.0,2400.0,2.0,196000.0,Affordable
2203,2003.0,4.0,0.0,2.0,2.0,2400.0,2.0,510000.0,Average
2204,2003.0,4.0,0.0,2.0,2.0,2400.0,2.0,164000.0,Affordable
2205,2003.0,4.0,0.0,2.0,2.0,2400.0,2.0,125000.0,Affordable
2206,2003.0,4.0,0.0,2.0,2.0,2400.0,2.0,455000.0,Average
2207,2003.0,4.0,0.0,2.0,2.0,2400.0,2.0,400000.0,Affordable
2208,2003.0,4.0,0.0,2.0,2.0,2400.0,2.0,266250.0,Affordable
2209,2003.0,4.0,0.0,2.0,2.0,2400.0,2.0,400000.0,Affordable
2210,2003.0,4.0,0.0,2.0,2.0,2400.0,2.0,305000.0,Affordable
2211,2003.0,4.0,0.0,2.0,2.0,2400.0,2.0,199900.0,Affordable
2213,2003.0,4.0,0.0,2.0,2.0,2400.0,2.0,225000.0,Affordable
2214,2003.0,4.0,0.0,2.0,2.0,2400.0,2.0,450000.0,Average
2215,2003.0,4.0,0.0,2.0,2.0,2400.0,2.0,339000.0,Affordable
2216,2003.0,4.0,0.0,2.0,2.0,2400.0,2.0,225920.0,Affordable
2218,2003.0,4.0,0.0,2.0,2.0,2400.0,2.0,199900.0,Affordable
2219,2003.0,4.0,0.0,2.0,2.0,2400.0,2.0,180000.0,Affordable
2220,2003.0,4.0,0.0,2.0,2.0,2400.0,2.0,308000.0,Affordable
2223,2003.0,4.0,0.0,2.0,2.0,2400.0,2.0,110000.0,Affordable
2224,2003.0,4.0,0.0,2.0,2.0,2400.0,2.0,195000.0,Affordable
2226,2003.0,4.0,0.0,2.0,2.0,2400.0,2.0,198000.0,Affordable
2227,2003.0,4.0,0.0,2.0,2.0,2400.0,2.0,589900.0,Average
2228,2003.0,4.0,0.0,2.0,2.0,2400.0,2.0,326325.0,Affordable
2229,2003.0,4.0,0.0,2.0,2.0,2400.0,2.0,165000.0,Affordable
2230,2003.0,4.0,0.0,2.0,2.0,2400.0,2.0,159900.0,Affordable
2231,2003.0,4.0,0.0,2.0,2.0,2400.0,2.0,450000.0,Average
2232,2003.0,4.0,0.0,2.0,2.0,2400.0,2.0,30000.0,Affordable
2233,2003.0,4.0,0.0,2.0,2.0,2400.0,2.0,313400.0,Affordable
2235,2003.0,4.0,0.0,2.0,2.0,2400.0,2.0,304150.0,Affordable
2236,2003.0,4.0,0.0,2.0,2.0,2400.0,2.0,20000.0,Affordable
2238,2003.0,4.0,0.0,2.0,2.0,2400.0,2.0,810450.0,Luxury
2239,2003.0,4.0,0.0,2.0,2.0,2400.0,2.0,749232.0,Luxury
2240,2003.0,4.0,0.0,2.0,2.0,2400.0,2.0,199000.0,Affordable
2241,2003.0,4.0,0.0,2.0,2.0,2400.0,2.0,440500.0,Average
2242,2003.0,4.0,0.0,2.0,2.0,2400.0,2.0,980000.0,Luxury
2244,2003.0,4.0,0.0,2.0,2.0,2400.0,2.0,25000.0,Affordable
2245,2003.0,4.0,0.0,2.0,2.0,2400.0,2.0,45000.0,Affordable
2246,2003.0,4.0,0.0,2.0,2.0,2400.0,2.0,385000.0,Affordable
2247,2003.0,4.0,0.0,2.0,2.0,2400.0,2.0,14500.0,Affordable
2248,2003.0,4.0,0.0,2.0,2.0,2400.0,2.0,100000.0,Affordable
2251,1995.0,4.0,3.0,2.0,2.0,3132.0,2.0,730000.0,Luxury
2252,2003.0,4.0,0.0,2.0,2.0,2400.0,2.0,55000.0,Affordable
2253,2003.0,4.0,0.0,2.0,2.0,2400.0,2.0,273600.0,Affordable
2255,2003.0,4.0,0.0,2.0,2.0,2400.0,2.0,313250.0,Affordable
2256,2003.0,4.0,0.0,2.0,2.0,2400.0,2.0,305250.0,Affordable
2258,2003.0,4.0,0.0,2.0,2.0,2400.0,2.0,285000.0,Affordable
2260,2003.0,4.0,0.0,2.0,2.0,2400.0,2.0,89000.0,Affordable
2261,2003.0,4.0,0.0,2.0,2.0,2400.0,2.0,995000.0,Luxury
2263,2003.0,4.0,0.0,2.0,2.0,2400.0,2.0,299900.0,Affordable
2264,2003.0,4.0,0.0,2.0,2.0,2400.0,2.0,85000.0,Affordable
2266,2003.0,4.0,0.0,2.0,2.0,2400.0,2.0,254900.0,Affordable
2267,2003.0,4.0,0.0,2.0,2.0,2400.0,2.0,850000.0,Luxury
2268,2003.0,4.0,0.0,2.0,2.0,2400.0,2.0,179900.0,Affordable
2269,2003.0,4.0,0.0,2.0,2.0,2400.0,2.0,199000.0,Affordable
2270,2003.0,4.0,0.0,2.0,2.0,2400.0,2.0,266250.0,Affordable
2271,2003.0,4.0,0.0,2.0,2.0,2400.0,2.0,225000.0,Affordable
2273,2003.0,4.0,0.0,2.0,2.0,2400.0,2.0,177480.0,Affordable
2274,2003.0,4.0,0.0,2.0,2.0,2400.0,2.0,407900.0,Affordable
2275,2003.0,4.0,0.0,2.0,2.0,2400.0,2.0,229000.0,Affordable
2278,2003.0,4.0,0.0,2.0,2.0,2400.0,2.0,280000.0,Affordable
2279,2003.0,4.0,0.0,2.0,2.0,2400.0,2.0,305000.0,Affordable
2280,2003.0,4.0,0.0,2.0,2.0,2400.0,2.0,52000.0,Affordable
2281,2003.0,4.0,0.0,2.0,2.0,2400.0,2.0,199000.0,Affordable
2283,2003.0,4.0,0.0,2.0,2.0,2400.0,2.0,192000.0,Affordable
2284,2003.0,4.0,0.0,2.0,2.0,2400.0,2.0,290000.0,Affordable
2285,2003.0,4.0,0.0,2.0,2.0,2400.0,2.0,310000.0,Affordable
2286,2003.0,4.0,0.0,2.0,2.0,2400.0,2.0,169000.0,Affordable
2289,2003.0,4.0,0.0,2.0,2.0,2400.0,2.0,254000.0,Affordable
2290,2003.0,4.0,0.0,2.0,2.0,2400.0,2.0,258500.0,Affordable
2291,2003.0,4.0,0.0,2.0,2.0,2400.0,2.0,286000.0,Affordable
2292,2003.0,4.0,0.0,2.0,2.0,2400.0,2.0,449000.0,Average
2293,2003.0,4.0,0.0,2.0,2.0,2400.0,2.0,266000.0,Affordable
2294,2003.0,4.0,0.0,2.0,2.0,2400.0,2.0,215776.0,Affordable
2295,2003.0,4.0,0.0,2.0,2.0,2400.0,2.0,360000.0,Affordable
2297,2003.0,4.0,0.0,2.0,2.0,2400.0,2.0,630000.0,Average
2298,2003.0,4.0,0.0,2.0,2.0,2400.0,2.0,355000.0,Affordable
2299,2003.0,4.0,0.0,2.0,2.0,2400.0,2.0,450000.0,Average
2300,2003.0,4.0,0.0,2.0,2.0,2400.0,2.0,312000.0,Affordable
2302,2003.0,4.0,0.0,2.0,2.0,2400.0,2.0,250000.0,Affordable
2305,2003.0,4.0,0.0,2.0,2.0,2400.0,2.0,268500.0,Affordable
2306,2003.0,4.0,0.0,2.0,2.0,2400.0,2.0,285000.0,Affordable
2309,2003.0,4.0,0.0,2.0,2.0,2400.0,2.0,157000.0,Affordable
2310,2003.0,4.0,0.0,2.0,2.0,2400.0,2.0,199900.0,Affordable
2312,2003.0,4.0,0.0,2.0,2.0,2400.0,2.0,149900.0,Affordable
2314,2003.0,4.0,0.0,2.0,2.0,2400.0,2.0,35000.0,Affordable
2315,2003.0,4.0,0.0,2.0,2.0,2400.0,2.0,110000.0,Affordable
2316,2003.0,4.0,0.0,2.0,2.0,2400.0,2.0,210000.0,Affordable
2318,2003.0,4.0,0.0,2.0,2.0,2400.0,2.0,312000.0,Affordable
2319,2003.0,4.0,0.0,2.0,2.0,2400.0,2.0,139000.0,Affordable
2320,2003.0,4.0,0.0,2.0,2.0,2400.0,2.0,250000.0,Affordable
2323,2003.0,4.0,0.0,2.0,2.0,2400.0,2.0,362200.0,Affordable
2325,2003.0,4.0,0.0,2.0,2.0,2400.0,2.0,475000.0,Average
2326,2003.0,4.0,0.0,2.0,2.0,2400.0,2.0,115000.0,Affordable
2327,2003.0,4.0,0.0,2.0,2.0,2400.0,2.0,147000.0,Affordable
2328,2003.0,4.0,0.0,2.0,2.0,2400.0,2.0,391200.0,Affordable
2329,2003.0,4.0,0.0,2.0,2.0,2400.0,2.0,100000.0,Affordable
2330,2003.0,4.0,0.0,2.0,2.0,2400.0,2.0,789000.0,Luxury
2331,2003.0,4.0,0.0,2.0,2.0,2400.0,2.0,407800.0,Affordable
2332,2003.0,4.0,0.0,2.0,2.0,2400.0,2.0,294950.0,Affordable
2333,2003.0,4.0,0.0,2.0,2.0,2400.0,2.0,558000.0,Average
2335,2003.0,4.0,0.0,2.0,2.0,2400.0,2.0,159000.0,Affordable
2337,2003.0,4.0,0.0,2.0,2.0,2400.0,2.0,269700.0,Affordable
2338,2003.0,4.0,0.0,2.0,2.0,2400.0,2.0,499999.0,Average
2339,2003.0,4.0,0.0,2.0,2.0,2400.0,2.0,299000.0,Affordable
2340,2003.0,4.0,0.0,2.0,2.0,2400.0,2.0,245000.0,Affordable
2341,2003.0,4.0,0.0,2.0,2.0,2400.0,2.0,695000.0,Luxury
2342,2003.0,4.0,0.0,2.0,2.0,2400.0,2.0,35000.0,Affordable
2343,2003.0,4.0,0.0,2.0,2.0,2400.0,2.0,255000.0,Affordable
2344,2003.0,4.0,0.0,2.0,2.0,2400.0,2.0,225000.0,Affordable
2345,2003.0,4.0,0.0,2.0,2.0,2400.0,2.0,215000.0,Affordable
2346,2003.0,4.0,0.0,2.0,2.0,2400.0,2.0,190000.0,Affordable
2347,2003.0,4.0,0.0,2.0,2.0,2400.0,2.0,223990.0,Affordable
2348,2003.0,4.0,0.0,2.0,2.0,2400.0,2.0,162000.0,Affordable
2349,2003.0,4.0,0.0,2.0,2.0,2400.0,2.0,255000.0,Affordable
2350,2003.0,4.0,0.0,2.0,2.0,2400.0,2.0,155000.0,Affordable
2351,2003.0,4.0,0.0,2.0,2.0,2400.0,2.0,99999.0,Affordable
2352,2003.0,4.0,0.0,2.0,2.0,2400.0,2.0,149900.0,Affordable
2353,2003.0,4.0,0.0,2.0,2.0,2400.0,2.0,152700.0,Affordable
2354,2003.0,4.0,0.0,2.0,2.0,2400.0,2.0,180000.0,Affordable
2355,2003.0,4.0,0.0,2.0,2.0,2400.0,2.0,200000.0,Affordable
2356,2003.0,4.0,0.0,2.0,2.0,2400.0,2.0,255000.0,Affordable
2357,2003.0,4.0,0.0,2.0,2.0,2400.0,2.0,255000.0,Affordable
2358,2003.0,4.0,0.0,2.0,2.0,2400.0,2.0,175990.0,Affordable
2359,2003.0,4.0,0.0,2.0,2.0,2400.0,2.0,75999.0,Affordable
2360,2003.0,4.0,0.0,2.0,2.0,2400.0,2.0,219000.0,Affordable
2361,2003.0,4.0,0.0,2.0,2.0,2400.0,2.0,223990.0,Affordable
2362,2003.0,4.0,0.0,2.0,2.0,2400.0,2.0,88000.0,Affordable
2363,2002.0,4.0,2.0,2.0,2.0,1974.0,2.0,479500.0,Average
2364,2003.0,4.0,0.0,2.0,2.0,2400.0,2.0,40000.0,Affordable
2365,2003.0,4.0,0.0,2.0,2.0,2400.0,2.0,175990.0,Affordable
2366,2003.0,4.0,0.0,2.0,2.0,2400.0,2.0,249999.0,Affordable
2367,2003.0,4.0,0.0,2.0,2.0,2400.0,2.0,81999.0,Affordable
2368,2003.0,4.0,0.0,2.0,2.0,2400.0,2.0,63000.0,Affordable
2369,2003.0,4.0,0.0,2.0,2.0,2400.0,2.0,149900.0,Affordable
2370,2003.0,4.0,0.0,2.0,2.0,2400.0,2.0,240000.0,Affordable
2371,2003.0,4.0,0.0,2.0,2.0,2400.0,2.0,220000.0,Affordable
2372,2003.0,4.0,0.0,2.0,2.0,2400.0,2.0,203990.0,Affordable
2373,2003.0,4.0,0.0,2.0,2.0,2400.0,2.0,255000.0,Affordable
2374,2003.0,4.0,0.0,2.0,2.0,2400.0,2.0,499999.0,Average
2375,2000.0,3.0,3.0,2.0,2.0,2158.0,2.0,550000.0,Average
2376,2003.0,4.0,0.0,2.0,2.0,2400.0,2.0,39000.0,Affordable
2378,2003.0,4.0,0.0,2.0,2.0,2400.0,2.0,255000.0,Affordable
2380,2003.0,4.0,0.0,2.0,2.0,2400.0,2.0,255000.0,Affordable
2381,2003.0,4.0,0.0,2.0,2.0,2400.0,2.0,32000.0,Affordable
2382,2003.0,4.0,0.0,2.0,2.0,2400.0,2.0,25000.0,Affordable
2383,2003.0,4.0,0.0,2.0,2.0,2400.0,2.0,255000.0,Affordable
2384,2003.0,4.0,0.0,2.0,2.0,2400.0,2.0,450000.0,Average
2385,2003.0,4.0,0.0,2.0,2.0,2400.0,2.0,139700.0,Affordable
2386,2003.0,4.0,0.0,2.0,2.0,2400.0,2.0,59000.0,Affordable
2387,2003.0,4.0,0.0,2.0,2.0,2400.0,2.0,49900.0,Affordable
2390,2003.0,4.0,0.0,2.0,2.0,2400.0,2.0,199900.0,Affordable
2391,2003.0,4.0,0.0,2.0,2.0,2400.0,2.0,799000.0,Luxury
2393,2003.0,4.0,0.0,2.0,2.0,2400.0,2.0,199900.0,Affordable
2395,2003.0,4.0,0.0,2.0,2.0,2400.0,2.0,345000.0,Affordable
2396,2003.0,4.0,0.0,2.0,2.0,2400.0,2.0,199900.0,Affordable
2397,2003.0,4.0,0.0,2.0,2.0,2400.0,2.0,315000.0,Affordable
2398,2003.0,4.0,0.0,2.0,2.0,2400.0,2.0,246900.0,Affordable
2399,2003.0,4.0,0.0,2.0,2.0,2400.0,2.0,212000.0,Affordable
2400,2003.0,4.0,0.0,2.0,2.0,2400.0,2.0,260000.0,Affordable
2401,2003.0,4.0,0.0,2.0,2.0,2400.0,2.0,188990.0,Affordable
2403,2003.0,4.0,0.0,2.0,2.0,2400.0,2.0,450000.0,Average
2404,2003.0,4.0,0.0,2.0,2.0,2400.0,2.0,168000.0,Affordable
2405,2003.0,4.0,0.0,2.0,2.0,2400.0,2.0,319000.0,Affordable
2406,2003.0,4.0,0.0,2.0,2.0,2400.0,2.0,294300.0,Affordable
2407,2003.0,4.0,0.0,2.0,2.0,2400.0,2.0,298200.0,Affordable
2408,2003.0,4.0,0.0,2.0,2.0,2400.0,2.0,331000.0,Affordable
2409,2003.0,4.0,0.0,2.0,2.0,2400.0,2.0,849000.0,Luxury
2412,2005.0,3.0,2.0,2.0,2.0,1546.0,2.0,419900.0,Average
2421,2003.0,4.0,0.0,2.0,2.0,2400.0,2.0,5000.0,Affordable
2422,2003.0,4.0,0.0,2.0,2.0,2400.0,2.0,595000.0,Average
2424,2003.0,4.0,0.0,2.0,2.0,2400.0,2.0,90000.0,Affordable
2429,2003.0,4.0,0.0,2.0,2.0,2400.0,2.0,100000.0,Affordable
2431,1995.0,4.0,3.0,2.0,2.0,2922.0,2.0,980000.0,Luxury
2435,2003.0,4.0,0.0,2.0,2.0,2400.0,2.0,54000.0,Affordable
2439,2018.0,3.0,2.0,2.0,2.0,1347.0,2.0,439900.0,Average
2441,2003.0,4.0,0.0,2.0,2.0,2400.0,2.0,469000.0,Average
2452,2003.0,4.0,0.0,2.0,2.0,2400.0,2.0,495000.0,Average
2453,2003.0,4.0,0.0,2.0,2.0,2400.0,2.0,49900.0,Affordable
2454,2003.0,4.0,0.0,2.0,2.0,2400.0,2.0,160000.0,Affordable
2456,2003.0,4.0,0.0,2.0,2.0,2400.0,2.0,54900.0,Affordable
2458,2022.0,3.0,3.0,2.0,2.0,1605.0,2.0,369000.0,Affordable
2462,2020.0,4.0,3.0,2.0,2.0,1839.0,2.0,459000.0,Average
2485,2003.0,4.0,0.0,2.0,2.0,2400.0,2.0,250000.0,Affordable
2488,2003.0,4.0,0.0,2.0,2.0,2400.0,2.0,310000.0,Affordable
2489,2003.0,4.0,0.0,2.0,2.0,2400.0,2.0,349000.0,Affordable
2492,2003.0,4.0,0.0,2.0,2.0,2400.0,2.0,285000.0,Affordable
2493,2003.0,4.0,0.0,2.0,2.0,2400.0,2.0,276750.0,Affordable
2497,2003.0,4.0,0.0,2.0,2.0,2400.0,2.0,267700.0,Affordable
2498,2003.0,4.0,0.0,2.0,2.0,2400.0,2.0,19500.0,Affordable
2499,2003.0,4.0,0.0,2.0,2.0,2400.0,2.0,480000.0,Average
2501,2003.0,4.0,0.0,2.0,2.0,2400.0,2.0,589900.0,Average
2511,2003.0,4.0,0.0,2.0,2.0,2400.0,2.0,330000.0,Affordable
2512,2003.0,4.0,0.0,2.0,2.0,2400.0,2.0,270000.0,Affordable
2513,2003.0,4.0,0.0,2.0,2.0,2400.0,2.0,299000.0,Affordable
2514,2003.0,4.0,0.0,2.0,2.0,2400.0,2.0,65000.0,Affordable
2515,2003.0,4.0,0.0,2.0,2.0,2400.0,2.0,149900.0,Affordable
2517,2003.0,4.0,0.0,2.0,2.0,2400.0,2.0,355000.0,Affordable
2518,2003.0,4.0,0.0,2.0,2.0,2400.0,2.0,99000.0,Affordable
2519,2003.0,4.0,0.0,2.0,2.0,2400.0,2.0,190000.0,Affordable
2520,2003.0,4.0,0.0,2.0,2.0,2400.0,2.0,270000.0,Affordable
2521,2003.0,4.0,0.0,2.0,2.0,2400.0,2.0,279000.0,Affordable
2522,2003.0,4.0,0.0,2.0,2.0,2400.0,2.0,270000.0,Affordable
2523,2003.0,4.0,0.0,2.0,2.0,2400.0,2.0,399999.0,Affordable
2524,2003.0,4.0,0.0,2.0,2.0,2400.0,2.0,550000.0,Average
2525,2003.0,4.0,0.0,2.0,2.0,2400.0,2.0,475000.0,Average
2526,2003.0,4.0,0.0,2.0,2.0,2400.0,2.0,110000.0,Affordable
2527,2003.0,4.0,0.0,2.0,2.0,2400.0,2.0,285000.0,Affordable
2530,2003.0,4.0,0.0,2.0,2.0,2400.0,2.0,925000.0,Luxury
2531,2003.0,4.0,0.0,2.0,2.0,2400.0,2.0,199000.0,Affordable
2532,2003.0,4.0,0.0,2.0,2.0,2400.0,2.0,695000.0,Luxury
2533,2003.0,4.0,0.0,2.0,2.0,2400.0,2.0,358200.0,Affordable
2535,2003.0,4.0,0.0,2.0,2.0,2400.0,2.0,373700.0,Affordable
2536,2003.0,4.0,0.0,2.0,2.0,2400.0,2.0,29900.0,Affordable
2537,2003.0,4.0,0.0,2.0,2.0,2400.0,2.0,500000.0,Average
2539,2003.0,4.0,0.0,2.0,2.0,2400.0,2.0,210000.0,Affordable
2541,2003.0,4.0,0.0,2.0,2.0,2400.0,2.0,230000.0,Affordable
2542,2003.0,4.0,0.0,2.0,2.0,2400.0,2.0,274450.0,Affordable
2543,2003.0,4.0,0.0,2.0,2.0,2400.0,2.0,299000.0,Affordable
2544,2003.0,4.0,0.0,2.0,2.0,2400.0,2.0,190000.0,Affordable
2547,2003.0,4.0,0.0,2.0,2.0,2400.0,2.0,411450.0,Average
2548,2003.0,4.0,0.0,2.0,2.0,2400.0,2.0,850000.0,Luxury
2549,2003.0,4.0,0.0,2.0,2.0,2400.0,2.0,550000.0,Average
2550,2003.0,4.0,0.0,2.0,2.0,2400.0,2.0,45000.0,Affordable
2551,2003.0,4.0,0.0,2.0,2.0,2400.0,2.0,270000.0,Affordable
2553,2003.0,4.0,0.0,2.0,2.0,2400.0,2.0,139000.0,Affordable
2554,2003.0,4.0,0.0,2.0,2.0,2400.0,2.0,810450.0,Luxury
2555,2003.0,4.0,0.0,2.0,2.0,2400.0,2.0,187500.0,Affordable
2556,2003.0,4.0,0.0,2.0,2.0,2400.0,2.0,55000.0,Affordable
2557,2003.0,4.0,0.0,2.0,2.0,2400.0,2.0,190000.0,Affordable
2558,2003.0,4.0,0.0,2.0,2.0,2400.0,2.0,297250.0,Affordable
2560,2003.0,4.0,0.0,2.0,2.0,2400.0,2.0,45000.0,Affordable
2564,2003.0,4.0,0.0,2.0,2.0,2400.0,2.0,79000.0,Affordable
2567,2003.0,4.0,0.0,2.0,2.0,2400.0,2.0,700000.0,Luxury
2572,2003.0,4.0,0.0,2.0,2.0,2400.0,2.0,429000.0,Average
2578,2003.0,4.0,0.0,2.0,2.0,2400.0,2.0,269000.0,Affordable
2587,2003.0,4.0,0.0,2.0,2.0,2400.0,2.0,124900.0,Affordable
2588,2003.0,4.0,0.0,2.0,2.0,2400.0,2.0,40000.0,Affordable
2590,2003.0,4.0,0.0,2.0,2.0,2400.0,2.0,266250.0,Affordable
2592,2003.0,4.0,0.0,2.0,2.0,2400.0,2.0,60000.0,Affordable
2594,2003.0,4.0,0.0,2.0,2.0,2400.0,2.0,435000.0,Average
2604,2003.0,4.0,0.0,2.0,2.0,2400.0,2.0,550000.0,Average
2613,2003.0,4.0,0.0,2.0,2.0,2400.0,2.0,220000.0,Affordable
2616,2003.0,4.0,0.0,2.0,2.0,2400.0,2.0,290000.0,Affordable
2618,1996.0,4.0,2.0,2.0,2.0,1888.0,2.0,699500.0,Luxury
2629,1998.0,4.0,3.0,2.0,2.0,2654.0,2.0,379800.0,Affordable
2632,2003.0,4.0,0.0,2.0,2.0,2400.0,2.0,424000.0,Average
2633,2004.0,5.0,3.0,2.0,2.0,2454.0,2.0,639000.0,Average
2639,2003.0,4.0,0.0,2.0,2.0,2400.0,2.0,165000.0,Affordable
2643,2019.0,3.0,2.0,2.0,2.0,3137.0,2.0,485000.0,Average
2646,2003.0,4.0,0.0,2.0,2.0,2400.0,2.0,159000.0,Affordable
2647,2003.0,4.0,0.0,2.0,2.0,2400.0,2.0,450000.0,Average
2649,2003.0,4.0,0.0,2.0,2.0,2400.0,2.0,277100.0,Affordable
2650,2003.0,4.0,0.0,2.0,2.0,2400.0,2.0,255000.0,Affordable
2651,2003.0,4.0,0.0,2.0,2.0,2400.0,2.0,160896.0,Affordable
2663,2003.0,4.0,0.0,2.0,2.0,2400.0,2.0,22000.0,Affordable
2667,2009.0,4.0,2.0,2.0,2.0,2702.0,2.0,800000.0,Luxury
2668,2003.0,4.0,0.0,2.0,2.0,2400.0,2.0,175000.0,Affordable
2672,2003.0,4.0,0.0,2.0,2.0,2400.0,2.0,800000.0,Luxury
2675,2003.0,4.0,0.0,2.0,2.0,2400.0,2.0,57000.0,Affordable
2681,2003.0,4.0,0.0,2.0,2.0,2400.0,2.0,69900.0,Affordable
2682,2007.0,3.0,3.0,2.0,2.0,1435.0,2.0,400000.0,Affordable
2688,1999.0,5.0,2.0,2.0,2.0,1728.0,2.0,345000.0,Affordable
2691,2003.0,4.0,0.0,2.0,2.0,2400.0,2.0,150000.0,Affordable
2696,2003.0,4.0,0.0,2.0,2.0,2400.0,2.0,94500.0,Affordable
2698,2003.0,4.0,0.0,2.0,2.0,2400.0,2.0,25000.0,Affordable
2699,2003.0,4.0,0.0,2.0,2.0,2400.0,2.0,79700.0,Affordable
2702,2003.0,4.0,0.0,2.0,2.0,2400.0,2.0,272725.0,Affordable
2703,2021.0,3.0,3.0,2.0,2.0,1729.0,2.0,500000.0,Average
2704,2003.0,4.0,0.0,2.0,2.0,2400.0,2.0,300250.0,Affordable
2709,2003.0,4.0,0.0,2.0,2.0,2400.0,2.0,295400.0,Affordable
2712,2003.0,4.0,0.0,2.0,2.0,2400.0,2.0,949000.0,Luxury
2715,2003.0,4.0,0.0,2.0,2.0,2400.0,2.0,129000.0,Affordable
2719,2003.0,4.0,0.0,2.0,2.0,2400.0,2.0,119000.0,Affordable
2720,2019.0,3.0,3.0,2.0,2.0,1596.0,2.0,450000.0,Average
2722,2016.0,3.0,3.0,2.0,2.0,2117.0,2.0,540000.0,Average
2726,2003.0,4.0,0.0,2.0,2.0,2400.0,2.0,155000.0,Affordable
2732,2019.0,3.0,2.0,2.0,2.0,2794.0,2.0,475000.0,Average
2741,2003.0,4.0,0.0,2.0,2.0,2400.0,2.0,132000.0,Affordable
2746,2003.0,4.0,0.0,2.0,2.0,2400.0,2.0,29000.0,Affordable
2751,2003.0,4.0,0.0,2.0,2.0,2400.0,2.0,285000.0,Affordable
2752,2003.0,4.0,0.0,2.0,2.0,2400.0,2.0,44900.0,Affordable
2765,2003.0,3.0,0.0,2.0,2.0,2400.0,2.0,895000.0,Luxury
2780,1985.0,4.0,3.0,2.0,2.0,2275.0,2.0,549900.0,Average
2783,2003.0,4.0,0.0,2.0,2.0,2400.0,2.0,320000.0,Affordable
2785,2003.0,4.0,0.0,2.0,2.0,2400.0,2.0,89000.0,Affordable
2799,2008.0,4.0,3.0,2.0,2.0,2750.0,2.0,499000.0,Average
2810,2003.0,4.0,0.0,2.0,2.0,2400.0,2.0,25000.0,Affordable
2820,2003.0,4.0,0.0,2.0,2.0,2400.0,2.0,150000.0,Affordable
2827,2003.0,4.0,0.0,2.0,2.0,2400.0,2.0,18000.0,Affordable
2828,2003.0,4.0,0.0,2.0,2.0,2400.0,2.0,42500.0,Affordable
2830,2003.0,4.0,0.0,2.0,2.0,2400.0,2.0,65000.0,Affordable
2831,2020.0,4.0,3.0,2.0,2.0,2020.0,2.0,523000.0,Average
2837,2011.0,3.0,3.0,2.0,2.0,1692.0,2.0,1000000.0,Luxury
2857,2003.0,4.0,0.0,2.0,2.0,2400.0,2.0,350000.0,Affordable
2860,2003.0,4.0,0.0,2.0,2.0,2400.0,2.0,3900.0,Affordable
2870,2014.0,4.0,2.0,2.0,2.0,2840.0,2.0,595000.0,Average
2882,2003.0,4.0,0.0,2.0,2.0,2400.0,2.0,60000.0,Affordable
2885,2022.0,3.0,2.0,2.0,2.0,2847.0,2.0,425000.0,Average
2886,2003.0,4.0,0.0,2.0,2.0,2400.0,2.0,219000.0,Affordable
2887,2003.0,4.0,0.0,2.0,2.0,2400.0,2.0,600000.0,Average
2890,2003.0,4.0,0.0,2.0,2.0,2400.0,2.0,160000.0,Affordable
2891,2003.0,4.0,0.0,2.0,2.0,2400.0,2.0,130000.0,Affordable
2892,2003.0,4.0,0.0,2.0,2.0,2400.0,2.0,900000.0,Luxury
2911,1997.0,4.0,3.0,2.0,2.0,2636.0,2.0,479999.0,Average
2917,2003.0,4.0,0.0,2.0,2.0,2400.0,2.0,474823.0,Average
2922,2003.0,4.0,0.0,2.0,2.0,2400.0,2.0,375000.0,Affordable
2928,1998.0,4.0,2.0,2.0,2.0,2602.0,2.0,539900.0,Average
2935,2003.0,4.0,0.0,2.0,2.0,2400.0,2.0,550000.0,Average
2943,2003.0,4.0,0.0,2.0,2.0,2400.0,2.0,43000.0,Affordable
2946,2020.0,2.0,2.0,2.0,2.0,1433.0,2.0,469000.0,Average
2947,2022.0,3.0,2.0,2.0,2.0,1452.0,2.0,575000.0,Average
2955,2003.0,4.0,0.0,2.0,2.0,2400.0,2.0,190000.0,Affordable
2957,2003.0,4.0,0.0,2.0,2.0,2400.0,2.0,525000.0,Average
2960,2003.0,2.0,2.0,2.0,2.0,2400.0,2.0,262500.0,Affordable
2961,2003.0,4.0,0.0,2.0,2.0,2400.0,2.0,166816.0,Affordable
2967,2017.0,3.0,2.0,2.0,2.0,3165.0,2.0,619000.0,Average
2974,2003.0,4.0,0.0,2.0,2.0,2400.0,2.0,83000.0,Affordable
2981,2003.0,4.0,0.0,2.0,2.0,2400.0,2.0,70000.0,Affordable
2990,2003.0,4.0,0.0,2.0,2.0,2400.0,2.0,95000.0,Affordable
3016,2003.0,4.0,0.0,2.0,2.0,2400.0,2.0,375000.0,Affordable
3021,2003.0,4.0,0.0,2.0,2.0,2400.0,2.0,198632.0,Affordable
3022,2003.0,4.0,0.0,2.0,2.0,2400.0,2.0,150000.0,Affordable
3024,2003.0,4.0,0.0,2.0,2.0,2400.0,2.0,16000.0,Affordable
3031,2003.0,4.0,0.0,2.0,2.0,2400.0,2.0,10000.0,Affordable
3070,2003.0,4.0,0.0,2.0,2.0,2400.0,2.0,774900.0,Luxury
3079,2003.0,4.0,0.0,2.0,2.0,2400.0,2.0,65000.0,Affordable
3088,2003.0,4.0,0.0,2.0,2.0,2400.0,2.0,75000.0,Affordable
3095,2003.0,4.0,0.0,2.0,2.0,2400.0,2.0,498750.0,Average
3098,2003.0,4.0,0.0,2.0,2.0,2400.0,2.0,274900.0,Affordable
3103,2017.0,3.0,3.0,2.0,2.0,1789.0,2.0,349900.0,Affordable
3109,2021.0,3.0,2.0,2.0,2.0,1311.0,2.0,319900.0,Affordable
3122,2003.0,4.0,0.0,2.0,2.0,2400.0,2.0,145000.0,Affordable
3125,2003.0,4.0,0.0,2.0,2.0,2400.0,2.0,162000.0,Affordable
3129,2003.0,4.0,0.0,2.0,2.0,2400.0,2.0,325000.0,Affordable
3131,2003.0,4.0,0.0,2.0,2.0,2400.0,2.0,143000.0,Affordable
3133,2020.0,4.0,3.0,2.0,2.0,2610.0,2.0,540000.0,Average
3134,2003.0,4.0,0.0,2.0,2.0,2400.0,2.0,199000.0,Affordable
3137,2003.0,4.0,0.0,2.0,2.0,2400.0,2.0,250000.0,Affordable
3143,2003.0,4.0,0.0,2.0,2.0,2400.0,2.0,90000.0,Affordable
3157,2003.0,4.0,0.0,2.0,2.0,2400.0,2.0,26000.0,Affordable
3162,1996.0,3.0,2.0,2.0,2.0,1260.0,2.0,235000.0,Affordable
3166,2003.0,4.0,0.0,2.0,2.0,2400.0,2.0,799900.0,Luxury
3176,2003.0,4.0,0.0,2.0,2.0,2400.0,2.0,85000.0,Affordable
3203,2003.0,4.0,0.0,2.0,2.0,2400.0,2.0,100000.0,Affordable
3212,2007.0,3.0,3.0,2.0,2.0,1460.0,2.0,400000.0,Affordable
3217,2008.0,3.0,3.0,2.0,2.0,1405.0,2.0,219900.0,Affordable
3222,1999.0,5.0,3.0,2.0,2.0,2784.0,2.0,610000.0,Average
3223,1983.0,4.0,3.0,2.0,2.0,2642.0,2.0,450000.0,Average
3224,2002.0,4.0,2.0,2.0,2.0,2040.0,2.0,307900.0,Affordable
3225,2014.0,3.0,4.0,2.0,2.0,2190.0,2.0,780000.0,Luxury
3228,2003.0,4.0,0.0,2.0,2.0,2400.0,2.0,145000.0,Affordable
3242,2003.0,4.0,0.0,2.0,2.0,2400.0,2.0,138050.0,Affordable
3258,2003.0,4.0,0.0,2.0,2.0,2400.0,2.0,225000.0,Affordable
3266,2003.0,4.0,0.0,2.0,2.0,2400.0,2.0,300000.0,Affordable
3268,2003.0,4.0,0.0,2.0,2.0,2400.0,2.0,590000.0,Average
3272,2003.0,4.0,0.0,2.0,2.0,2400.0,2.0,29000.0,Affordable
3274,2003.0,4.0,0.0,2.0,2.0,2400.0,2.0,175000.0,Affordable
3277,2003.0,4.0,0.0,2.0,2.0,2400.0,2.0,372000.0,Affordable
3280,2003.0,4.0,0.0,2.0,2.0,2400.0,2.0,30000.0,Affordable
3281,2003.0,4.0,0.0,2.0,2.0,2400.0,2.0,329000.0,Affordable
3287,2003.0,4.0,0.0,2.0,2.0,2400.0,2.0,280000.0,Affordable
3288,2003.0,4.0,0.0,2.0,2.0,2400.0,2.0,259500.0,Affordable
3292,2003.0,4.0,0.0,2.0,2.0,2400.0,2.0,321000.0,Affordable
3296,2006.0,4.0,3.0,2.0,2.0,2088.0,2.0,424995.0,Average
3303,2016.0,3.0,3.0,2.0,2.0,1300.0,2.0,365000.0,Affordable
3305,2003.0,4.0,0.0,2.0,2.0,2400.0,2.0,267700.0,Affordable
3310,2003.0,4.0,0.0,2.0,2.0,2400.0,2.0,349900.0,Affordable
3312,2003.0,4.0,0.0,2.0,2.0,2400.0,2.0,42000.0,Affordable
3313,2003.0,4.0,0.0,2.0,2.0,2400.0,2.0,551545.0,Average
3314,2003.0,4.0,0.0,2.0,2.0,2400.0,2.0,225000.0,Affordable
3315,2003.0,4.0,0.0,2.0,2.0,2400.0,2.0,340000.0,Affordable
3318,2003.0,4.0,0.0,2.0,2.0,2400.0,2.0,240000.0,Affordable
3319,2003.0,4.0,0.0,2.0,2.0,2400.0,2.0,255000.0,Affordable
3320,2003.0,4.0,0.0,2.0,2.0,2400.0,2.0,325000.0,Affordable
3321,2003.0,4.0,0.0,2.0,2.0,2400.0,2.0,49950.0,Affordable
3323,2003.0,4.0,0.0,2.0,2.0,2400.0,2.0,88000.0,Affordable
3326,2003.0,4.0,0.0,2.0,2.0,2400.0,2.0,425000.0,Average
3328,2003.0,4.0,0.0,2.0,2.0,2400.0,2.0,285000.0,Affordable
3329,2003.0,4.0,0.0,2.0,2.0,2400.0,2.0,268500.0,Affordable
3331,2003.0,4.0,0.0,2.0,2.0,2400.0,2.0,282500.0,Affordable
3332,2003.0,4.0,0.0,2.0,2.0,2400.0,2.0,160000.0,Affordable
3337,2003.0,4.0,0.0,2.0,2.0,2400.0,2.0,259900.0,Affordable
3338,2003.0,4.0,0.0,2.0,2.0,2400.0,2.0,294300.0,Affordable
3345,2003.0,4.0,0.0,2.0,2.0,2400.0,2.0,348896.0,Affordable
3346,2020.0,4.0,3.0,2.0,2.0,2462.0,2.0,679000.0,Luxury
3347,2003.0,4.0,0.0,2.0,2.0,2400.0,2.0,160000.0,Affordable
3348,2003.0,4.0,0.0,2.0,2.0,2400.0,2.0,990000.0,Luxury
3350,2003.0,4.0,0.0,2.0,2.0,2400.0,2.0,276500.0,Affordable
3351,2003.0,4.0,0.0,2.0,2.0,2400.0,2.0,275000.0,Affordable
3352,2003.0,4.0,0.0,2.0,2.0,2400.0,2.0,244500.0,Affordable
3357,2003.0,4.0,0.0,2.0,2.0,2400.0,2.0,336500.0,Affordable
3358,2003.0,4.0,0.0,2.0,2.0,2400.0,2.0,169900.0,Affordable
3361,2003.0,4.0,0.0,2.0,2.0,2400.0,2.0,39500.0,Affordable
3362,2003.0,4.0,0.0,2.0,2.0,2400.0,2.0,95000.0,Affordable
3364,2003.0,4.0,0.0,2.0,2.0,2400.0,2.0,294300.0,Affordable
3366,2003.0,4.0,0.0,2.0,2.0,2400.0,2.0,985500.0,Luxury
3367,2003.0,4.0,0.0,2.0,2.0,2400.0,2.0,920000.0,Luxury
3368,2003.0,4.0,0.0,2.0,2.0,2400.0,2.0,225000.0,Affordable
3369,2003.0,4.0,0.0,2.0,2.0,2400.0,2.0,15000.0,Affordable
3371,2003.0,4.0,0.0,2.0,2.0,2400.0,2.0,55000.0,Affordable
3372,2018.0,3.0,3.0,2.0,2.0,1569.0,2.0,417000.0,Average
3373,2003.0,4.0,0.0,2.0,2.0,2400.0,2.0,326200.0,Affordable
3374,2003.0,4.0,0.0,2.0,2.0,2400.0,2.0,329100.0,Affordable
3376,2003.0,4.0,0.0,2.0,2.0,2400.0,2.0,235000.0,Affordable
3383,2003.0,4.0,0.0,2.0,2.0,2400.0,2.0,230000.0,Affordable
3388,2003.0,4.0,0.0,2.0,2.0,2400.0,2.0,268300.0,Affordable
3391,2003.0,4.0,0.0,2.0,2.0,2400.0,2.0,326250.0,Affordable
3395,2003.0,4.0,0.0,2.0,2.0,2400.0,2.0,379500.0,Affordable
3401,2003.0,4.0,0.0,2.0,2.0,2400.0,2.0,800000.0,Luxury
3402,2002.0,2.0,3.0,2.0,2.0,1136.0,2.0,455000.0,Average
3408,2003.0,4.0,0.0,2.0,2.0,2400.0,2.0,268000.0,Affordable
3410,2003.0,4.0,0.0,2.0,2.0,2400.0,2.0,135000.0,Affordable
3411,2003.0,4.0,0.0,2.0,2.0,2400.0,2.0,190000.0,Affordable
3413,2003.0,4.0,0.0,2.0,2.0,2400.0,2.0,34900.0,Affordable
3415,2003.0,4.0,0.0,2.0,2.0,2400.0,2.0,224000.0,Affordable
3418,2003.0,4.0,0.0,2.0,2.0,2400.0,2.0,145000.0,Affordable
3423,2003.0,4.0,0.0,2.0,2.0,2400.0,2.0,42944.0,Affordable
3424,2003.0,4.0,0.0,2.0,2.0,2400.0,2.0,294000.0,Affordable
3425,2003.0,4.0,0.0,2.0,2.0,2400.0,2.0,255000.0,Affordable
3428,2003.0,4.0,0.0,2.0,2.0,2400.0,2.0,125000.0,Affordable
3429,2003.0,4.0,0.0,2.0,2.0,2400.0,2.0,416000.0,Average
3430,2003.0,4.0,0.0,2.0,2.0,2400.0,2.0,383500.0,Affordable
3434,2003.0,4.0,0.0,2.0,2.0,2400.0,2.0,170000.0,Affordable
3436,2003.0,4.0,0.0,2.0,2.0,2400.0,2.0,371500.0,Affordable
3437,2003.0,4.0,0.0,2.0,2.0,2400.0,2.0,410000.0,Average
3439,2003.0,4.0,0.0,2.0,2.0,2400.0,2.0,366000.0,Affordable
3443,2003.0,4.0,0.0,2.0,2.0,2400.0,2.0,388000.0,Affordable
3449,2003.0,4.0,0.0,2.0,2.0,2400.0,2.0,350000.0,Affordable
3451,2003.0,4.0,0.0,2.0,2.0,2400.0,2.0,329000.0,Affordable
3452,2003.0,4.0,0.0,2.0,2.0,2400.0,2.0,230000.0,Affordable
3458,2003.0,4.0,0.0,2.0,2.0,2400.0,2.0,351000.0,Affordable
3459,1996.0,5.0,3.0,2.0,2.0,2986.0,2.0,574900.0,Average
3460,2003.0,4.0,0.0,2.0,2.0,2400.0,2.0,460000.0,Average
3464,2003.0,4.0,0.0,2.0,2.0,2400.0,2.0,250000.0,Affordable
3473,1992.0,4.0,2.0,2.0,2.0,1762.0,2.0,515000.0,Average
3492,1989.0,5.0,2.0,2.0,2.0,2846.0,2.0,519900.0,Average
3501,2003.0,4.0,0.0,2.0,2.0,2400.0,2.0,39000.0,Affordable
3512,1982.0,3.0,3.0,2.0,2.0,2024.0,2.0,447000.0,Average
3519,2003.0,4.0,0.0,2.0,2.0,2400.0,2.0,105000.0,Affordable
3520,2003.0,4.0,0.0,2.0,2.0,2400.0,2.0,105000.0,Affordable
3524,2003.0,4.0,0.0,2.0,2.0,2400.0,2.0,59900.0,Affordable
3526,2003.0,4.0,0.0,2.0,2.0,2400.0,2.0,39000.0,Affordable
3530,2003.0,4.0,0.0,2.0,2.0,2400.0,2.0,35000.0,Affordable
3535,2003.0,4.0,0.0,2.0,2.0,2400.0,2.0,140000.0,Affordable
3540,2018.0,3.0,2.0,2.0,2.0,1347.0,2.0,375000.0,Affordable
3541,2022.0,3.0,3.0,2.0,2.0,1630.0,2.0,395000.0,Affordable
3544,2003.0,4.0,0.0,2.0,2.0,2400.0,2.0,165000.0,Affordable
3549,2003.0,4.0,0.0,2.0,2.0,2400.0,2.0,185000.0,Affordable
3550,2003.0,4.0,0.0,2.0,2.0,2400.0,2.0,50000.0,Affordable
3552,2003.0,4.0,0.0,2.0,2.0,2400.0,2.0,57500.0,Affordable
3561,2003.0,4.0,0.0,2.0,2.0,2400.0,2.0,150000.0,Affordable
3562,2003.0,4.0,0.0,2.0,2.0,2400.0,2.0,150000.0,Affordable
3563,2003.0,4.0,0.0,2.0,2.0,2400.0,2.0,239000.0,Affordable
3564,2020.0,3.0,3.0,2.0,2.0,1736.0,2.0,499500.0,Average
3565,2003.0,4.0,0.0,2.0,2.0,2400.0,2.0,150000.0,Affordable
3570,2003.0,4.0,0.0,2.0,2.0,2400.0,2.0,27000.0,Affordable
3585,2003.0,4.0,0.0,2.0,2.0,2400.0,2.0,125000.0,Affordable
3588,2003.0,4.0,0.0,2.0,2.0,2400.0,2.0,125000.0,Affordable
3598,2005.0,4.0,3.0,2.0,2.0,2246.0,2.0,499900.0,Average
3601,2003.0,4.0,0.0,2.0,2.0,2400.0,2.0,55000.0,Affordable
3609,2003.0,4.0,0.0,2.0,2.0,2400.0,2.0,10000.0,Affordable
3612,2016.0,3.0,3.0,2.0,2.0,2362.0,2.0,549900.0,Average
3632,2003.0,4.0,0.0,2.0,2.0,2400.0,2.0,349000.0,Affordable
3638,2003.0,4.0,0.0,2.0,2.0,2400.0,2.0,69900.0,Affordable
3644,1985.0,3.0,2.0,2.0,2.0,1758.0,2.0,369900.0,Affordable
3645,2003.0,4.0,0.0,2.0,2.0,2400.0,2.0,240000.0,Affordable
3653,2003.0,4.0,0.0,2.0,2.0,2400.0,2.0,225000.0,Affordable
3654,2003.0,4.0,0.0,2.0,2.0,2400.0,2.0,438285.0,Average
3657,2007.0,4.0,3.0,2.0,2.0,2280.0,2.0,899000.0,Luxury
3658,2005.0,3.0,2.0,2.0,2.0,2586.0,2.0,410000.0,Average
3660,2014.0,5.0,3.0,2.0,2.0,2626.0,2.0,620000.0,Average
3661,2003.0,4.0,0.0,2.0,2.0,2400.0,2.0,2000.0,Affordable
3665,2003.0,4.0,0.0,2.0,2.0,2400.0,2.0,289000.0,Affordable
3666,1989.0,4.0,2.0,2.0,2.0,2016.0,2.0,347000.0,Affordable
3673,2003.0,4.0,0.0,2.0,2.0,2400.0,2.0,219000.0,Affordable
3678,2003.0,4.0,0.0,2.0,2.0,2400.0,2.0,280000.0,Affordable
3682,2003.0,4.0,0.0,2.0,2.0,2400.0,2.0,2000.0,Affordable
3683,2003.0,4.0,0.0,2.0,2.0,2400.0,2.0,25500.0,Affordable
3696,2003.0,4.0,0.0,2.0,2.0,2400.0,2.0,275800.0,Affordable
3698,2001.0,3.0,2.0,2.0,2.0,2065.0,2.0,610000.0,Average
3718,2003.0,4.0,0.0,2.0,2.0,2400.0,2.0,27500.0,Affordable
3727,1982.0,4.0,3.0,2.0,2.0,2552.0,2.0,600000.0,Average
3729,2003.0,4.0,0.0,2.0,2.0,2400.0,2.0,89000.0,Affordable
3731,2015.0,4.0,3.0,2.0,2.0,1936.0,2.0,450000.0,Average
3737,2000.0,2.0,2.0,2.0,2.0,2448.0,2.0,372000.0,Affordable
3738,2022.0,4.0,3.0,2.0,2.0,1779.0,2.0,429900.0,Average
3742,2014.0,3.0,2.0,2.0,2.0,1309.0,2.0,364900.0,Affordable
3751,2003.0,4.0,0.0,2.0,2.0,2400.0,2.0,199000.0,Affordable
3775,2003.0,4.0,0.0,2.0,2.0,2400.0,2.0,449000.0,Average
3791,2003.0,4.0,0.0,2.0,2.0,2400.0,2.0,600000.0,Average
3798,2010.0,3.0,2.0,2.0,2.0,1114.0,2.0,401000.0,Affordable
3810,2004.0,4.0,3.0,2.0,2.0,1760.0,2.0,440000.0,Average
3813,2003.0,4.0,0.0,2.0,2.0,2400.0,2.0,120000.0,Affordable
3822,2003.0,4.0,0.0,2.0,2.0,2400.0,2.0,55000.0,Affordable
3828,2003.0,4.0,0.0,2.0,2.0,2400.0,2.0,99000.0,Affordable
3829,2003.0,4.0,0.0,2.0,2.0,2400.0,2.0,38000.0,Affordable
3837,1997.0,2.0,2.0,2.0,2.0,1090.0,2.0,265000.0,Affordable
3839,2003.0,4.0,0.0,2.0,2.0,2400.0,2.0,275000.0,Affordable
3855,2003.0,4.0,0.0,2.0,2.0,2400.0,2.0,162000.0,Affordable
3864,2003.0,4.0,0.0,2.0,2.0,2400.0,2.0,33000.0,Affordable
3865,2003.0,4.0,0.0,2.0,2.0,2400.0,2.0,114900.0,Affordable
3879,2022.0,3.0,3.0,2.0,2.0,1658.0,2.0,477000.0,Average
3885,2008.0,4.0,2.0,2.0,2.0,1945.0,2.0,444999.0,Average
3893,2003.0,4.0,0.0,2.0,2.0,2400.0,2.0,15000.0,Affordable
3894,2003.0,4.0,0.0,2.0,2.0,2400.0,2.0,75000.0,Affordable
3900,2009.0,3.0,3.0,2.0,2.0,1592.0,2.0,523900.0,Average
3903,1986.0,3.0,2.0,2.0,2.0,1568.0,2.0,315000.0,Affordable
3909,2003.0,4.0,0.0,2.0,2.0,2400.0,2.0,1500.0,Affordable
3910,2003.0,4.0,0.0,2.0,2.0,2400.0,2.0,650000.0,Average
3912,2003.0,5.0,3.0,2.0,2.0,2688.0,2.0,445000.0,Average
3924,2003.0,4.0,0.0,2.0,2.0,2400.0,2.0,300000.0,Affordable
3934,1986.0,3.0,2.0,2.0,2.0,2740.0,2.0,625000.0,Average
3937,2003.0,4.0,0.0,2.0,2.0,2400.0,2.0,560000.0,Average
3941,2003.0,4.0,0.0,2.0,2.0,2400.0,2.0,29000.0,Affordable
3942,2003.0,4.0,0.0,2.0,2.0,2400.0,2.0,179000.0,Affordable
3949,2003.0,4.0,0.0,2.0,2.0,2400.0,2.0,380000.0,Affordable
3978,2006.0,4.0,3.0,2.0,2.0,2858.0,2.0,515000.0,Average
3985,1996.0,3.0,3.0,2.0,2.0,1920.0,2.0,385000.0,Affordable
3994,2003.0,4.0,0.0,2.0,2.0,2400.0,2.0,11384.0,Affordable
3996,2003.0,4.0,0.0,2.0,2.0,2400.0,2.0,148500.0,Affordable
4001,2003.0,4.0,0.0,2.0,2.0,2400.0,2.0,350000.0,Affordable
4017,2003.0,4.0,0.0,2.0,2.0,2400.0,2.0,250000.0,Affordable
4031,2003.0,4.0,0.0,2.0,2.0,2400.0,2.0,134750.0,Affordable
4065,2007.0,2.0,2.0,2.0,2.0,1164.0,2.0,439500.0,Average
4066,2005.0,2.0,2.0,2.0,2.0,1400.0,2.0,419000.0,Average
4068,2022.0,3.0,3.0,2.0,2.0,1547.0,2.0,424900.0,Average
4086,2020.0,3.0,2.0,2.0,2.0,2568.0,2.0,415500.0,Average
4097,2003.0,4.0,0.0,2.0,2.0,2400.0,2.0,110000.0,Affordable
4100,1995.0,3.0,2.0,2.0,2.0,1347.0,2.0,368000.0,Affordable
4105,1994.0,4.0,3.0,2.0,2.0,2636.0,2.0,499900.0,Average
4106,1996.0,3.0,2.0,2.0,2.0,1408.0,2.0,350000.0,Affordable
4107,1998.0,3.0,3.0,2.0,2.0,2110.0,2.0,515000.0,Average
4109,1990.0,3.0,3.0,2.0,2.0,2990.0,2.0,575000.0,Average
4118,2003.0,4.0,0.0,2.0,2.0,2400.0,2.0,65000.0,Affordable
4129,2003.0,4.0,0.0,2.0,2.0,2400.0,2.0,185000.0,Affordable
4136,2003.0,4.0,0.0,2.0,2.0,2400.0,2.0,195000.0,Affordable
4139,2003.0,4.0,0.0,2.0,2.0,2400.0,2.0,30000.0,Affordable
4144,1990.0,5.0,3.0,2.0,2.0,2012.0,2.0,580000.0,Average
4146,2010.0,3.0,2.0,2.0,2.0,2950.0,2.0,725000.0,Luxury
4151,2003.0,4.0,0.0,2.0,2.0,2400.0,2.0,55000.0,Affordable
4166,2007.0,3.0,2.0,2.0,2.0,1976.0,2.0,329000.0,Affordable
4170,2003.0,4.0,0.0,2.0,2.0,2400.0,2.0,30000.0,Affordable
4174,2003.0,4.0,0.0,2.0,2.0,2400.0,2.0,35000.0,Affordable
4180,2021.0,4.0,3.0,2.0,2.0,1918.0,2.0,499900.0,Average
4188,2014.0,3.0,3.0,2.0,2.0,1925.0,2.0,375000.0,Affordable
4190,2003.0,4.0,0.0,2.0,2.0,2400.0,2.0,75000.0,Affordable
4193,2003.0,4.0,0.0,2.0,2.0,2400.0,2.0,55000.0,Affordable
4210,2003.0,4.0,0.0,2.0,2.0,2400.0,2.0,349900.0,Affordable
4220,2016.0,3.0,3.0,2.0,2.0,1381.0,2.0,429900.0,Average
4233,2003.0,4.0,0.0,2.0,2.0,2400.0,2.0,159900.0,Affordable
4239,1993.0,3.0,3.0,2.0,2.0,2956.0,2.0,699500.0,Luxury
4243,2003.0,4.0,0.0,2.0,2.0,2400.0,2.0,185000.0,Affordable
4246,1999.0,5.0,3.0,2.0,2.0,2341.0,2.0,580000.0,Average
4247,2018.0,3.0,2.0,2.0,2.0,2858.0,2.0,615000.0,Average
4249,2003.0,4.0,0.0,2.0,2.0,2400.0,2.0,53340.0,Affordable
4255,2003.0,4.0,0.0,2.0,2.0,2400.0,2.0,85000.0,Affordable
4257,2003.0,4.0,0.0,2.0,2.0,2400.0,2.0,479000.0,Average
4273,2003.0,4.0,0.0,2.0,2.0,2400.0,2.0,160000.0,Affordable
4276,2020.0,3.0,3.0,2.0,2.0,1460.0,2.0,311500.0,Affordable
4299,2003.0,4.0,0.0,2.0,2.0,2400.0,2.0,325000.0,Affordable
4312,2019.0,4.0,2.0,2.0,2.0,1698.0,2.0,475000.0,Average
4313,1986.0,4.0,3.0,2.0,2.0,2440.0,2.0,520000.0,Average
4322,2016.0,4.0,2.0,2.0,2.0,1869.0,2.0,929000.0,Luxury
4328,2003.0,4.0,0.0,2.0,2.0,2400.0,2.0,399900.0,Affordable
4335,2021.0,3.0,3.0,2.0,2.0,1826.0,2.0,550000.0,Average
4347,1997.0,3.0,2.0,2.0,2.0,2766.0,2.0,460000.0,Average
4350,2021.0,3.0,2.0,2.0,2.0,1452.0,2.0,410000.0,Average
4355,2003.0,4.0,0.0,2.0,2.0,2400.0,2.0,400000.0,Affordable
4360,2003.0,4.0,0.0,2.0,2.0,2400.0,2.0,125000.0,Affordable
4380,2003.0,4.0,0.0,2.0,2.0,2400.0,2.0,235000.0,Affordable
4402,2003.0,4.0,0.0,2.0,2.0,2400.0,2.0,175000.0,Affordable
4411,2003.0,4.0,0.0,2.0,2.0,2400.0,2.0,52900.0,Affordable
4413,2021.0,3.0,3.0,2.0,2.0,1549.0,2.0,392700.0,Affordable
4430,2003.0,4.0,0.0,2.0,2.0,2400.0,2.0,179950.0,Affordable
