,bathrooms,has3DModel,propertyType,lotAreaValue,unit,priceChange,zestimate,daysOnZillow,datePriceChanged,price,bedrooms,longitude,hasVideo,latitude,zpid,rentZestimate,lotAreaUnit,livingArea,Street Address,City,State/ZIP
0,2,0,CONDO,,B,,202400.0,21,,199000,3.0,-73.88161,False,40.84174,443921727,,,985,972 E 178th St #B,Bronx,NY 10460
2,3,0,CONDO,,17IH,,,221,,475000,3.0,-73.9776,False,40.764317,72519078,15000,,1800,100 W 57th St #17IH,New York,NY 10019
4,2,0,CONDO,,Apt 18G,,366200.0,10,,369000,2.0,-73.9776,False,40.764317,72519065,7589,,1200,100 W 57th St APT 18G,Manhattan,NY 10019
5,2,0,CONDO,,Apt 14D,,548600.0,18,,550000,2.0,-73.96417,False,40.763935,443678350,,,1335,205 E 63rd St APT 14D,New York,NY 10065
6,10,0,CONDO,,127/128,,28783300.0,291,,150000000,8.0,-73.981,False,40.7662,2068952873,8718,,11535,217 W 57th St #127/128,New York,NY 10019
7,3,0,CONDO,,Apt 21A,-150000.0,,243,1737705600000.0,599000,3.0,-73.96141,False,40.77669,244808481,18499,,0,40 E 80th St APT 21A,New York,NY 10075
8,2,0,CONDO,,Apt 1E,,,25,,250000,3.0,-73.9573,False,40.76804,443837515,,,1046,340 E 72nd St APT 1E,New York,NY 10021
10,6,0,MULTI_FAMILY,,6,,,124,,450000,8.0,-73.920654,False,40.706676,440959976,,,4800,58 Saint Nicholas Ave #6,Brooklyn,NY 11237
12,2,0,CONDO,,Apt 7B,,250800.0,25,,250000,3.0,-73.91482,False,40.834377,443844417,,,993,1259 Grant Ave APT 7B,Bronx,NY 10456
13,1,0,CONDO,,9,-20000.0,274700.0,139,1731571200000.0,275000,3.0,-73.90534,False,40.848816,2054481177,3749,,1100,212 E Tremont Ave #9,Bronx,NY 10457
14,1,0,CONDO,,B,10000.0,,191,1737100800000.0,375000,3.0,-73.75381,False,40.744434,2056729497,2922,,,68-09 Springfield Boulevard #B,Bayside,NY 11364
15,1,0,CONDO,,Apt 1H,,172300.0,11,,175546,2.0,-73.91769,False,40.879784,119916499,2734,,1000,80 Knolls Cres APT 1H,Bronx,NY 10463
18,1,0,CONDO,,Apt 6A,,,136,,280000,2.0,-73.92751,False,40.62981,245020022,,,900,1270 E 51 Street #6A,Brooklyn,NY 11234
21,1,0,CONDO,,Apt 18,,213500.0,18,,198000,2.0,-73.93875,False,40.806385,444452226,,,0,78 E 127th St APT 18,New York,NY 10035
22,3,0,CONDO,,Unit 4JK,-31000.0,,327,1718780400000.0,329000,3.0,-73.9776,False,40.764317,306707664,8661,,2200,100 W 57th St UNIT 4JK,Manhattan,NY 10019
24,1,0,CONDO,,Apt 34,,267100.0,124,,275000,3.0,-73.94053,False,40.821606,88061828,3285,,0,219 W 144th St APT 34,New York,NY 10030
25,2,0,CONDO,,Apt 5D,,505200.0,16,,500000,2.0,-73.96516,False,40.754032,72526128,7030,,1250,420 E 51st St APT 5D,New York,NY 10022
27,9,0,CONDO,,PENTHOUSE,,18413000.0,257,,105000000,6.0,-73.971794,False,40.7615,2069500049,53568,,8255,432 Park Ave #PENTHOUSE,New York,NY 10022
29,1,0,CONDO,,Apt 4A,,361300.0,19,,339000,2.0,-73.97452,False,40.789425,97502574,4435,,626,211 W 88th St APT 4A,New York,NY 10024
30,1,0,CONDO,,Apt 3R,,343600.0,158,,325000,1.0,-73.99334,False,40.693066,216112015,3957,,0,153 Joralemon St APT 3R,Brooklyn,NY 11201
31,1,0,CONDO,,D5,,184700.0,81,,189000,1.0,-73.84715,False,40.72772,2062999704,2367,,,67-38 108 Street #D5,Forest Hills,NY 11375
32,1,0,CONDO,,Apt 8J,-119000.0,,105,1736928000000.0,180000,1.0,-73.84501,False,40.72131,245437584,5770,,,107-40 Queens Boulevard #8J,Forest Hills,NY 11375
35,1,0,CONDO,,Apt 4W,,398000.0,10,,399000,1.0,-73.991,False,40.765,446074425,,,625,464 W 51st St APT 4W,New York,NY 10019
36,4,0,CONDO,,Penthouse 76,,17743300.0,703,,63815000,4.0,-73.978165,False,40.761833,440330724,,,7973,53 W 53rd St #PENTHOUSE 76,New York,NY 10019
38,5,0,CONDO,,Penthouse 76,,45248600.0,202,,49000000,4.0,-73.97757,False,40.764954,442155685,,,6512,111 W 57th St #PENTHOUSE 76,New York,NY 10019
39,2,0,CONDO,,Apt 6A,,293500.0,18,,299000,2.0,-73.82382,False,40.7051,126229394,3029,,1012,84-70 129th St APT 6A,Kew Gardens,NY 11415
40,1,0,CONDO,,Apt 11,,653700.0,90,,629000,2.0,-73.960335,False,40.720665,2130785073,4024,,0,65 N 8th St APT 11,Brooklyn,NY 11211
45,3,0,CONDO,,14,,,16,,275000,2.0,-73.91601,False,40.62746,30780205,2825,,853,1121 E 72nd St #14,Brooklyn,NY 11234
46,1,0,SINGLE_FAMILY,,Apt 4S,,539500.0,123,,515000,2.0,-73.94988,False,40.786835,441149607,,,0,1513 Lexington Ave APT 4S,New York,NY 10029
49,2,0,CONDO,,Apt 35B,-46000.0,655200.0,143,1730707200000.0,649000,2.0,-73.9612,False,40.7698,440263326,,,0,190 E 72nd St APT 35B,New York,NY 10021
50,1,0,CONDO,,Apt C7,,,17,,949000,2.0,-73.97022,False,40.6758,245021993,6538,,1200,20 Plaza St E APT C7,Brooklyn,NY 11238
52,2,0,CONDO,,L1,-5000.0,,107,1732176000000.0,344000,2.0,-73.78402,False,40.78067,2071217578,,,1250,18-35 Corporal Kennedy #L1,Bayside,NY 11360
55,2,0,CONDO,,Apt 2,,864100.0,23,,850000,2.0,-73.98241,False,40.665367,124156785,5463,,0,498 11th St APT 2,Brooklyn,NY 11215
56,2,0,CONDO,,Apt 34E,,,41,,595000,2.0,-73.97012,False,40.761642,244701648,6791,,0,465 Park Ave APT 34E,New York,NY 10022
59,1,0,CONDO,,1L,-6000.0,315700.0,30,1735891200000.0,319000,2.0,-73.84125,False,40.72143,2060420313,3033,,1150,71-36 110th St #1L,Forest Hills,NY 11375
60,1,0,CONDO,,57,,411800.0,123,,399000,1.0,-74.01459,False,40.712856,441888985,,,950,100 west W 57 St Street #2 H,New York (Manhattan),NY 10019
61,1,0,CONDO,,Apt 2W,,452300.0,179,,470000,1.0,-73.99016,False,40.76799,418274070,,,0,504 W 55th St APT 2W,New York,NY 10019
62,2,0,SINGLE_FAMILY,1306.8,83,,563800.0,12,,568000,3.0,-74.15509,False,40.61956,32306147,3171,sqft,1181,11 Jules Dr #83,Staten Island,NY 10314
65,3,0,CONDO,,A3A,,2437600.0,133,,2485000,3.0,-73.99848,False,40.68876,442154286,,,3044,401 Hicks St #A3A,Brooklyn,NY 11201
66,2,0,CONDO,,B1,,917600.0,25,,899000,2.0,-73.98873,False,40.6647,443840052,,,1145,231 16th St #B1,Brooklyn,NY 11215
67,6,0,CONDO,,126,,59723700.0,207,,65000000,5.0,-73.981,False,40.7662,338593841,124059,,7074,217 W 57th St #126,New York,NY 10019
68,1,0,CONDO,,Apt 5A,1000.0,,442,1736841600000.0,125000,2.0,-73.92663,False,40.86167,2054303228,2271,,604,21 Arden St APT 5A,New York,NY 10040
71,2,0,CONDO,,Unit 9,-90000.0,904800.0,226,1733817600000.0,889000,3.0,-73.95562,False,40.799828,442155609,,,0,1947-C Adam C Powell Blvd UNIT 9,New York,NY 10026
78,1,0,CONDO,,Apt 6A,,,2,,199000,2.0,-73.90629,False,40.886738,244474078,,,850,3636 Fieldston Road #6A,Bronx,NY 10463
79,1,0,CONDO,,Apt 219,-24000.0,,24,1736323200000.0,275000,2.0,-73.819374,False,40.713318,2061193854,,,950,139-15 83 Avenue #219,Briarwood,NY 11435
82,1,0,CONDO,,Apt 3H,-35000.0,,11,1737446400000.0,135000,1.0,-73.880165,False,40.749363,245448539,,,750,37-27 86th Street #3H,Jackson Heights,NY 11372
84,7,0,CONDO,,Penthouse 80,,,111,,65000000,5.0,-73.96127,False,40.758244,441781042,,,9191,430 E 58th St #PENTHOUSE 80,New York,NY 10022
85,1,0,CONDO,,Apt 3E,-25000.0,422600.0,117,1734076800000.0,425000,3.0,-73.969475,False,40.622383,216129593,2799,,1100,1075 Ocean Pkwy APT 3E,Brooklyn,NY 11230
88,2,0,CONDO,,4,201000.0,1208100.0,93,1737100800000.0,1200000,5.0,-73.97103,False,40.787136,442302957,,,1541,59 W 87th St #4,New York,NY 10024
89,1,0,CONDO,,Apt 3G,,,18,,450000,2.0,-73.97912,False,40.739063,244887142,4246,,0,311 E 25th St APT 3G,New York,NY 10010
90,1,0,CONDO,,Apt 4-C,,,16,,379000,1.0,-73.952194,False,40.780018,244869051,3578,,0,209 E 88th St APT 4-C,New York,NY 10128
91,5,0,CONDO,,Unit Penthouse 81,,42692700.0,327,,45000000,4.0,-74.00903,False,40.712776,442754951,,,5443,30 Park Pl UNIT PENTHOUSE 81,New York,NY 10007
93,1,0,CONDO,,Apt 3R,,897100.0,6,,850000,2.0,-73.98147,False,40.675396,79488685,3752,,0,246 5th Ave APT 3R,Brooklyn,NY 11215
94,1,0,CONDO,,15-9,-10000.0,,298,1727506800000.0,289000,2.0,-73.74555,False,40.730976,93392380,2322,,,87-01 Springfield Boulevard #15-9,Queens Village,NY 11427
95,1,0,CONDO,,Apt 3C,,606300.0,19,,595000,1.0,-73.96845,False,40.675243,114443141,3580,,0,21 Butler Pl APT 3C,Brooklyn,NY 11238
101,2,0,CONDO,,2,,834400.0,22,,795000,2.0,-73.97561,False,40.652138,30671328,4075,,942,1273 Prospect Ave #2,Brooklyn,NY 11218
102,2,0,CONDO,,9,,,101,,189900,3.0,-73.80624,False,40.822052,2063503685,,,1000,9 Alden Park #9,Bronx,NY 10465
105,3,0,TOWNHOUSE,,25,,661600.0,123,,658888,3.0,-73.77637,False,40.783825,443091453,,,1270,1819 215th Street #25,Bayside,NY 11360
106,1,0,CONDO,,Apt 5C,-51000.0,,2,1738224000000.0,279000,1.0,-73.84518,False,40.719555,124765397,,,0,25 Burns Street #5C,Forest Hills,NY 11375
108,1,0,CONDO,,Apt 7,60000.0,,162,1737100800000.0,479000,2.0,-73.94909,False,40.71817,111025856,4314,,0,76 Richardson St APT 7,Brooklyn,NY 11211
113,1,0,CONDO,,Apt 2C,16000.0,,110,1736928000000.0,215000,3.0,-73.93528,False,40.597134,442033454,,,1100,2285 Bragg St APT 2C,Brooklyn,NY 11229
114,2,0,CONDO,,Apt 1B,,,5,,1725000,3.0,-73.97463,False,40.67194,245022307,8277,,0,140 8th Ave APT 1B,Brooklyn,NY 11215
117,1,0,CONDO,,Apt 6NN,-10000.0,,98,1732608000000.0,265000,2.0,-73.85808,False,40.738335,245464605,3175,,,5803 Calloway Street #6NN,Corona,NY 11368
120,3,0,CONDO,,3C,-100000.0,1179700.0,150,1731484800000.0,1150000,2.0,-73.97689,False,40.789356,2063269029,7813,,1406,269 87th St #3C,New York,NY 10024
121,1,0,CONDO,,Apt 2J,,,62,,249000,3.0,-73.86636,False,40.855797,244473162,2926,,1300,2186 Cruger Ave APT 2J,Bronx,NY 10462
124,2,0,CONDO,,5K,,416600.0,35,,418888,3.0,-73.82641,False,40.76648,443655014,,,1200,140-30 34th Ave #5K,Flushing,NY 11354
125,1,0,CONDO,,Apt 5B,-39000.0,,351,1713423600000.0,350000,2.0,-73.90814,False,40.776028,245387350,3013,,,21-16 35 Street #5B,Astoria,NY 11105
126,2,0,CONDO,,Apt 3D,25000.0,281500.0,88,1732867200000.0,280000,3.0,-73.7826,False,40.780563,219869218,3168,,,18-50 211 Street #3D,Bayside,NY 11360
128,1,0,CONDO,,2L,-100000.0,596700.0,124,1738051200000.0,599000,1.0,-73.92912,False,40.714108,440983681,,,937,1196 Metropolitan Ave #2L,Brooklyn,NY 11237
131,1,0,SINGLE_FAMILY,,57A,,,8,,360000,2.0,-73.723625,False,40.751,300372383,,,900,251-47 71st Road #57A,Bellerose,NY 11426
133,1,0,CONDO,,4B,-31000.0,406900.0,173,1736150400000.0,398888,3.0,-73.796616,False,40.79318,2067775397,2946,,0,166-31 9th Ave #4B,Whitestone,NY 11357
135,1,0,CONDO,,Apt 1B,,,85,,189000,4.0,-73.89067,False,40.82655,442455957,,,1075,1116 Hoe Avenue #1B,Bronx,NY 10459
136,1,0,CONDO,,Apt 3B,,447700.0,81,,439000,1.0,-73.98509,False,40.722824,72511600,3224,,0,162 E 2nd St APT 3B,New York,NY 10009
138,6,0,CONDO,,121,,,30,,59000000,5.0,-73.98113,False,40.766163,338594609,4335,,7074,217 W 57th St #121,New York,NY 10019
142,1,0,CONDO,,Apt 4C,,,111,,217000,2.0,-73.74949,False,40.595795,323055859,2535,,900,14-30 Seagirt Blvd #4C,Far Rockaway,NY 11691
150,6,0,CONDO,,30/31,5000000.0,,223,1724742000000.0,70000000,3.0,-73.9761,False,40.7653,55502051,262968,,10875,50 Central Park S #30/31,New York,NY 10019
152,1,0,CONDO,,Floor 2,,,52,,389000,2.0,-73.70101,False,40.744312,443264663,,,850,81-23 Langdale Street 2nd Fl,New Hyde Park,NY 11040
153,3,0,CONDO,,5AB,,2191300.0,10,,2180000,3.0,-73.96023,False,40.78081,72530622,6901,,0,3 E 85th St #5AB,New York,NY 10028
158,3,0,MULTI_FAMILY,3920.4,NEW_CONSTRUCTION_TYPE_OTHER,,,3,,1329000,3.0,-74.166306,False,40.55223,446700735,,sqft,2215,296 Eltingville Blvd,Staten Island,NY 10312
163,2,0,SINGLE_FAMILY,2613.6,BUILDER_SPEC,-30000.0,595000.0,66,1737964800000.0,598888,3.0,-74.087135,False,40.636272,112109245,4448,sqft,1950,47 Pine St,Staten Island,NY 10301
165,1,0,CONDO,,2D,,1279300.0,3,,1295000,1.0,-73.95207,False,40.71868,79709062,4876,,932,610 Union Ave #2D,Brooklyn,NY 11211
166,2,0,CONDO,,1B,,3090700.0,37,,3250000,2.0,-74.000465,False,40.726284,443631144,,,2200,468 W Broadway #1B,New York,NY 10012
167,1,0,CONDO,,Apt 6L,-26000.0,,160,1737446400000.0,399000,1.0,-73.968056,False,40.76078,244849732,4406,,0,153 E 57th St APT 6L,New York,NY 10022
168,1,0,CONDO,,Apt 5E,,,10,,95000,1.0,-73.860374,False,40.876614,446003580,,,750,836 Tilden Street #5E,Bronx,NY 10467
169,2,0,CONDO,,Apt 2K,10000.0,329500.0,62,1733040000000.0,330000,2.0,-73.82652,False,40.845566,215952065,2648,,1200,3121 Middletown Road #2K,Bronx,NY 10461
172,1,0,CONDO,,Apt 2F,,,284,,150000,1.0,-73.94737,False,40.82952,348493511,2304,,0,563 W 150th St APT 2F,New York,NY 10031
175,5,0,CONDO,,PENTHOUSE,,41856400.0,20,,45000000,3.0,-74.00244,False,40.720978,443948051,,,6814,20 Greene St #PENTHOUSE,New York,NY 10013
176,2,0,CONDO,1100.0,Apt 5C,-14000.0,,150,1735286400000.0,265500,2.0,-73.82875,False,40.855362,215952187,,sqft,1100,1910 Pelham Parkway S #5C,Bronx,NY 10461
178,1,0,TOWNHOUSE,,9E,3000.0,,5,1737964800000.0,299000,1.0,-73.86232,False,40.71867,2052860972,,,820,99-63 66Ave #9E,Rego Park,NY 11374
181,1,0,CONDO,,Apt 5A,,534400.0,11,,525000,1.0,-73.96277,False,40.798058,91772378,2703,,0,58 W 105th St APT 5A,New York,NY 10025
182,2,0,CONDO,,Apt 6H,,,30,,279000,2.0,-73.87579,False,40.755817,2056717848,,,900,33-25 92nd Street #6H,Jackson Heights,NY 11372
183,1,0,CONDO,,Apt 2F,-500.0,,352,1723878000000.0,208500,1.0,-73.999016,False,40.70003,245021411,2377,,650,2913 Foster Ave APT 2F,Brooklyn,NY 11210
185,1,0,CONDO,,5C,,,3,,279000,1.0,-73.84417,False,40.718933,446723813,,,0,71-30 Burns St #5C,Forest Hills,NY 11375
190,1,0,CONDO,,Apt 1416,-45000.0,,229,1733212800000.0,250000,1.0,-73.97254,False,40.76431,72527019,2848,,375,781 5th Ave APT 1416,New York,NY 10022
191,4,0,CONDO,,Apt 6A2,,2938700.0,3,,2988000,4.0,-74.01012,False,40.68109,320251179,10991,,3436,160 Imlay St APT 6A2,Brooklyn,NY 11231
192,3,0,CONDO,,Unit PH4E,,1557000.0,30,,1575000,2.0,-73.95766,False,40.71232,442159580,,,1477,242 S 1st St UNIT PH4E,Brooklyn,NY 11211
194,2,0,CONDO,,Apt 1B,,614000.0,32,,615000,2.0,-74.03587,False,40.612537,2054076307,3393,,1150,9951 Shore Rd APT 1B,Brooklyn,NY 11209
199,2,0,CONDO,,Apt 2B,,,228,,648900,4.0,-73.955444,False,40.821705,124424070,,,1375,616 W 137th Street #2B,New York (Manhattan),NY 10031
200,2,0,CONDO,,Apt 8C,-13300.0,,326,1737446400000.0,254300,2.0,-73.96686,False,40.58552,245010709,,,1186,2650 OCEAN Parkway #8C,Brooklyn,NY 11235
204,3,0,SINGLE_FAMILY,,Floor 1,,,5,,749999,5.0,-73.92613,False,40.62417,446665510,,,1350,1489 E 51st St FLOOR 1,Brooklyn,NY 11234
209,2,0,CONDO,,Apt 6A,,,17,,305000,2.0,-73.885216,False,40.876434,215951146,,,1250,3184 Grand Concourse #6A,Bronx,NY 10458
210,2,0,CONDO,,Apt 1E,,1270100.0,9,,1250000,3.0,-73.9763,False,40.6558,2107036110,4741,,1248,1139 Prospect Ave APT 1E,Brooklyn,NY 11218
214,1,0,CONDO,,Apt 6A,-50000.0,746400.0,82,1736496000000.0,749000,2.0,-74.00118,False,40.74272,439968558,,,957,305 W 18th St APT 6A,New York,NY 10011
215,1,0,CONDO,,Apt 3C,-25000.0,708300.0,5,1715756400000.0,700000,2.0,-73.96741,False,40.648487,2061793072,2946,,700,45 Argyle Rd APT 3C,Brooklyn,NY 11218
216,1,0,CONDO,,Apt 3S,,,25,,89000,1.0,-73.74949,False,40.595795,323055854,,,582,1430 Seagirt Boulevard #3S,Far Rockaway,NY 11691
225,5,0,CONDO,,Unit PENTHOUSE,,23900200.0,83,,25000000,5.0,-73.990486,False,40.74092,442532860,,,5777,170 5th Ave UNIT PENTHOUSE,New York,NY 10010
227,1,0,CONDO,,Apt 1F,-10900.0,191600.0,87,1719817200000.0,199000,1.0,-73.83603,False,40.703594,88061875,2046,,710,115-25 84th Avenue #1F,Kew Gardens,NY 11418
231,1,0,CONDO,,5D,-6000.0,237200.0,102,1729580400000.0,239000,3.0,-73.8562,False,40.7576,2060190050,2898,,,112-19 34th Avenue #5D,Corona,NY 11368
238,3,0,SINGLE_FAMILY,,1,,,6,,775000,4.0,-73.76576,False,40.674416,446410157,,,1828,134-20 176th St #1,Jamaica,NY 11434
239,3,0,SINGLE_FAMILY,2000.0,A,,646300.0,16,,650000,3.0,-74.1284,False,40.59942,58577133,3292,sqft,1800,252A Livingston Ave #A,Staten Island,NY 10314
241,1,0,CONDO,,Apt 57,,,14,,399000,5.0,-73.938644,False,40.817883,306009291,,,1250,100 W 141 Street #57,New York (Manhattan),NY 10030
248,1,0,CONDO,,Apt 607,,,233,,188000,1.0,-73.79163,False,40.71266,245410638,2150,,925,170-40 Highland #607,Jamaica Estates,NY 11432
250,1,0,SINGLE_FAMILY,2178.0,Apt D11,-5000.0,172400.0,92,1733385600000.0,175000,2.0,-74.17901,False,40.627693,2102603505,2694,sqft,910,2701 Goethals Rd N APT D11,Staten Island,NY 10303
255,2,0,SINGLE_FAMILY,1800.0,1029B,,,2,,689999,4.0,-73.85556,False,40.876724,446728557,,sqft,1620,1029 E 213th St #1029B,Bronx,NY 10469
257,1,0,CONDO,,Apt 2L,,,168,,645000,3.0,-73.952774,False,40.665737,245017711,3546,,1250,345 Montgomery St APT 2L,Brooklyn,NY 11225
259,1,0,CONDO,,Apt C27,,,6,,229000,2.0,-73.966805,False,40.582916,245002456,3540,,0,2727 Ocean Pkwy APT C27,Brooklyn,NY 11235
260,1,0,CONDO,,Apt 4R,,,4,,399888,3.0,-73.81627,False,40.76376,245443621,3320,,0,3815 149th St APT 4R,Flushing,NY 11354
262,1,0,CONDO,,Apt 6A,-25000.0,,103,1735804800000.0,425000,2.0,-73.95001,False,40.77007,244745095,2650,,0,508 E 78th St APT 6A,New York,NY 10075
264,1,0,CONDO,,1242,,433800.0,9,,429000,2.0,-73.72828,False,40.755444,119912502,2792,,0,63-05 Marathon Pkwy #1242,Little Neck,NY 11362
270,1,0,CONDO,,Apt 5B,,895800.0,59,,895000,2.0,-73.9828,False,40.677,30582972,4568,,850,630 Union St APT 5B,Brooklyn,NY 11215
273,1,0,CONDO,,D,,,305,,55000,2.0,-73.80949,False,40.825047,2070299744,,,0,147 Edgewater Park #D,Bronx,NY 10465
275,2,0,CONDO,,1B,,,3,,725000,2.0,-73.9736,False,40.644077,446728750,,,1500,235 Ocean Pkwy #1B,Brooklyn,NY 11218
277,1,0,CONDO,,Apt C7,,243500.0,13,,248000,1.0,-73.98984,False,40.605335,119916750,1897,,700,7913 Bay Pkwy APT C7,Brooklyn,NY 11214
278,2,0,CONDO,,4K,,,14,,450000,3.0,-73.83132,False,40.771107,444802344,,,1300,29-09 137th Street #4k,Flushing,NY 11354
280,7,0,SINGLE_FAMILY,,THA,,16730800.0,25,,17750000,6.0,-73.99722,False,40.692387,443843302,,,9070,299 Hicks St #THA,Brooklyn,NY 11201
282,3,0,CONDO,,15AB,,,138,,4000000,3.0,-73.9861,False,40.7386,321904083,23942,,3809,50 Gramercy Park N #15AB,New York,NY 10010
284,1,0,CONDO,,PENTHOUSE,,,237,,199000,0.0,-73.957504,False,40.77883,219695419,4725,,0,103 E 84th St #PENTHOUSE,New York,NY 10028
285,1,0,CONDO,,Apt 4A,,493300.0,4,,465000,1.0,-73.97939,False,40.788773,72539273,3216,,0,331 W 85th St APT 4A,New York,NY 10024
286,2,0,CONDO,,Apt 2E,,,300,,950000,2.0,-73.9667,False,40.77167,125470495,7436,,0,3 E 71st St APT 2E,New York,NY 10021
289,1,0,CONDO,,Apt 3FE,,417800.0,17,,409000,1.0,-73.95517,False,40.77569,72532034,3809,,0,218 E 82nd St APT 3FE,New York,NY 10028
290,1,0,CONDO,,3F,,,4,,247500,2.0,-73.85361,False,40.70014,446669211,,,1200,83-55 woodhaven Boulevard #3F,Woodhaven,NY 11421
293,2,0,CONDO,,Apt 19C,,,2,,450000,3.0,-73.984245,False,40.586525,245033519,3346,,1250,2475 W 16th St APT 19C,Brooklyn,NY 11214
297,1,0,CONDO,,Apt 3RW,,,79,,375000,1.0,-73.98894,False,40.7616,244846639,7080,,0,342 W 48th St APT 3RW,New York,NY 10036
298,1,0,CONDO,,Apt 2F,-29000.0,,152,1731484800000.0,770000,2.0,-73.978714,False,40.66593,244998578,4870,,0,813 8th Ave APT 2F,Brooklyn,NY 11215
299,1,0,CONDO,,Apt 5W,,,80,,650000,1.0,-74.0026,False,40.7403,321903112,3900,,585,85 8th Ave APT 5W,New York,NY 10011
300,1,0,CONDO,,Apt 5B,,392900.0,5,,400000,2.0,-73.8344,False,40.704823,244502376,2497,,1100,83-80 118th St APT 5B,Kew Gardens,NY 11415
302,1,0,CONDO,,Apt 6J,,,7,,299000,2.0,-73.896706,False,40.882454,244456622,,,1061,75 W 238 Street #6J,Bronx,NY 10463
304,1,0,CONDO,,Apt R22,,360800.0,3,,365000,1.0,-73.84454,False,40.718975,79731856,2701,,650,10 Station Sq APT R22,Queens,NY 11375
306,1,0,CONDO,,Apt A2,,1020300.0,9,,995000,2.0,-73.97495,False,40.671814,79712165,3334,,0,19 Fiske Pl APT A2,Brooklyn,NY 11215
310,1,0,CONDO,,Apt 3D,-5100.0,162900.0,108,1732176000000.0,164900,1.0,-73.93507,False,40.79473,441543099,,,0,424 E 115th St APT 3D,Manhattan,NY 10029
315,2,0,CONDO,,Apt 5A,,2721900.0,4,,2800000,3.0,-73.99548,False,40.69748,79714747,7167,,1600,115 Willow St APT 5A,Brooklyn,NY 11201
316,1,0,CONDO,,Apt 1E,,,5,,549000,1.0,-73.95516,False,40.77191,244901668,2873,,0,315 E 77th St APT 1E,New York,NY 10075
318,1,0,CONDO,,Apt 12B,,,8,,179000,1.0,-73.80109,False,40.705524,79516131,,,1041,89-15 Parsons Boulevard #12B,Jamaica,NY 11432
319,1,0,CONDO,,Apt 5F,,295300.0,27,,299000,1.0,-73.849144,False,40.727226,80380211,2360,,811,67-40 Yellowstone Blvd APT 5F,Forest Hills,NY 11375
320,2,0,APARTMENT,871.2,G0,-5000.0,,439,1737619200000.0,134900,2.0,-74.10701,False,40.61897,2094371409,2571,sqft,800,1100 Clove Rd #G0,Staten Island,NY 10301
321,2,0,CONDO,,Apt 7CC,-999.0,,86,1738051200000.0,309000,2.0,-73.85808,False,40.738335,245359864,2814,,,5803 Calloway Street #7CC,Corona,NY 11368
322,2,0,SINGLE_FAMILY,,1FAM,,,4,,849000,3.0,-73.93206,False,40.614075,446710558,,,1320,1823 Ryder St #1FAM,Brooklyn,NY 11234
324,1,0,CONDO,,1D,,,11,,485000,2.0,-73.91212,False,40.74792,445949462,,,900,39-30 52nd Street #1D,Woodside,NY 11377
327,2,0,SINGLE_FAMILY,3920.4,BUILDER_SPEC,,788400.0,12,,799999,3.0,-74.19762,False,40.51595,32367671,3245,sqft,2250,20 Memo St,Staten Island,NY 10309
328,1,0,CONDO,,Apt 1H,-11500.0,,274,1731744000000.0,218000,2.0,-73.84694,False,40.66538,349785606,2267,,915,8829 155th Ave APT 1H,Howard Beach,NY 11414
329,1,0,CONDO,0.5089072543618,Apt 7H,,351700.0,4,,350000,2.0,-73.91177,False,40.822433,89067116,2384,acres,926,837 Washington Avenue #7H,Bronx,NY 10451
330,2,0,CONDO,,23,,465000.0,5,,465000,2.0,-73.90079,False,40.626812,30772559,3051,,1003,7917 Seaview Ave #23,Brooklyn,NY 11236
332,1,0,CONDO,,Apt 3C,-40000.0,703800.0,137,1733731200000.0,699000,2.0,-73.98345,False,40.721214,92428419,4118,,0,309 E Houston St APT 3C,New York,NY 10002
334,1,0,CONDO,,1B,,,3,,595000,1.0,-73.97686,False,40.669018,446735687,,,0,320 8th Ave #1B,Brooklyn,NY 11215
335,3,0,MULTI_FAMILY,,1,,860600.0,53,,849000,4.0,-73.806244,False,40.680294,443275826,,,0,115-14 135th St #1,South Ozone Park,NY 11420
336,2,0,CONDO,,Apt 4D,,2401500.0,6,,2395000,2.0,-73.99664,False,40.69304,79713459,6441,,0,277 Hicks St APT 4D,Brooklyn,NY 11201
337,3,0,CONDO,,2,-145000.0,2130700.0,11,1737532800000.0,2150000,3.0,-73.97994,False,40.682865,439962165,,,1554,345 Bergen St #2,Brooklyn,NY 11217
338,2,0,CONDO,,3N-P,,2681500.0,6,,2750000,2.0,-73.98351,False,40.6867,2057074698,6193,,1854,423 Atlantic Ave #3N-P,Brooklyn,NY 11217
339,1,0,CONDO,,6-392,,,5,,439000,2.0,-73.801315,False,40.783638,446396447,,,820,160-27 17th Avenue #6-392,Whitestone,NY 11357
343,1,0,CONDO,,Apt 2F,,592200.0,53,,575000,1.0,-73.98395,False,40.68397,123129247,3121,,0,256 Bergen St APT 2F,Brooklyn,NY 11217
347,2,0,CONDO,,2,,1707700.0,4,,1735000,2.0,-73.98327,False,40.674225,2078634509,4647,,1086,286 1st St #2,Brooklyn,NY 11215
350,3,0,SINGLE_FAMILY,1306.8,A,,424700.0,144,,425000,3.0,-74.14992,False,40.607758,2064678948,3286,sqft,1887,37 Dreyer Ave #A,Staten Island,NY 10314
351,1,0,CONDO,,Apt 422,,,2,,238000,1.0,-73.81637,False,40.713158,79516091,,,800,8401 Main Street #422,Briarwood,NY 11435
355,2,0,CONDO,,Apt 101,,1407300.0,41,,1400000,2.0,-73.98027,False,40.774113,119911998,6188,,1550,39 W 67th St APT 101,New York,NY 10023
356,1,0,CONDO,,Unit 1L,-10000.0,247800.0,121,1736928000000.0,249000,2.0,-73.84725,False,40.665077,441199821,,,,86-34 155 Avenue #1L,Howard Beach,NY 11414
358,2,0,CONDO,,3B,,1193000.0,12,,1195000,2.0,-73.948364,False,40.72208,444357313,,,0,65 Eckford St #3B,Brooklyn,NY 11222
360,1,0,CONDO,,Apt C3,,,151,,359000,2.0,-74.03341,False,40.614727,245024494,2503,,820,325 Marine Ave APT C3,Brooklyn,NY 11209
363,1,0,CONDO,,Apt 22,-15000.0,,138,1738051200000.0,334000,1.0,-73.968735,False,40.755543,72524381,4310,,0,246 E 51st St APT 22,Manhattan,NY 10022
366,3,0,SINGLE_FAMILY,3049.2,BUILDER_SPEC,,780000.0,8,,789800,3.0,-74.144424,False,40.540592,79735495,3653,sqft,2160,30 Dockside Ln,Staten Island,NY 10308
368,1,0,CONDO,,Apt 6F,,,24,,309000,1.0,-73.97912,False,40.739063,244872273,5685,,0,311 E 25th St APT 6F,New York,NY 10010
369,4,0,SINGLE_FAMILY,,TOWNHOUSE,,8113200.0,9,,8475000,4.0,-73.995445,False,40.688606,445922653,,,4362,246 Clinton St #TOWNHOUSE,Brooklyn,NY 11201
372,7,0,CONDO,,PENTHOUSE,,,858,,32500000,5.0,-73.9937,False,40.72857,442755067,,,8000,704 Broadway #PENTHOUSE,New York,NY 10003
373,3,0,CONDO,,7BC,,1901000.0,3,,1895000,3.0,-73.95643,False,40.777885,81771992,4435,,0,144 E 84th St #7BC,New York,NY 10028
379,1,0,CONDO,,Apt 10C,,1336400.0,6,,1295000,2.0,-73.9897,False,40.73235,72512829,4229,,0,111 4th Ave APT 10C,New York,NY 10003
382,1,0,CONDO,,Apt 5C,,,696,,90000,1.0,-73.86301,False,40.880783,244454627,,,800,724 E 216th Street #5C,Bronx,NY 10467
385,2,0,CONDO,,Apt 1A,,,146,,725000,2.0,-73.95312,False,40.784676,244841082,6167,,1465,1185 Park Ave APT 1A,New York,NY 10128
389,1,0,CONDO,,3R,,303700.0,3,,300000,1.0,-73.83642,True,40.720646,79741544,2418,,0,72-61 113th St #3R,Queens,NY 11375
392,1,0,CONDO,,Apt 4I,,,186,,229000,2.0,-73.95102,False,40.79899,244714875,2947,,657,50 W 112th St APT 4I,New York,NY 10026
393,1,0,CONDO,,Apt 4RW,-24000.0,,79,1737360000000.0,375000,1.0,-73.99081,False,40.759605,244809339,6543,,0,347 W 44th St APT 4RW,New York,NY 10036
394,1,0,CONDO,,Apt 34,,410100.0,83,,398000,2.0,-73.8847,False,40.751133,245528328,2813,,0,35-20 82nd St APT 34,Jackson Heights,NY 11372
395,1,0,CONDO,,Apt 1A,,,5,,429900,3.0,-73.8539,False,40.69999,245362953,,,1200,83-77 Woodhaven Boulevard #1A,Woodhaven,NY 11421
396,1,0,CONDO,,Apt 4A,,,9,,179000,2.0,-73.86238,False,40.90084,244427054,,,900,4380 Vireo Avenue #4A,Bronx,NY 10470
397,2,0,CONDO,,B1,,873800.0,5,,875000,1.0,-73.99134,False,40.66629,442150783,,,872,158 15th St #B1,Brooklyn,NY 11215
398,1,0,CONDO,,Apt 1K,,,2,,315000,2.0,-73.93595,False,40.590424,245021746,2836,,1000,3021 Avenue Z APT 1K,Brooklyn,NY 11235
403,1,0,CONDO,,Apt 3R,,,138,,549000,1.0,-73.9738,False,40.67049,245007816,8277,,0,296 Garfield Pl APT 3R,Brooklyn,NY 11215
406,1,0,CONDO,,Apt 76,,938100.0,55,,899000,2.0,-73.967255,False,40.789642,2139218377,5811,,0,7 W 92nd St APT 76,New York,NY 10025
407,2,0,CONDO,,9Z,,476900.0,96,,499000,3.0,-73.8554,False,40.732353,351712969,3769,,1200,99-40 63rd Rd #9Z,Rego Park,NY 11374
413,1,0,CONDO,,Apt 1A,6000.0,428700.0,136,1726729200000.0,435000,2.0,-73.954865,False,40.781143,123271033,3454,,0,123 E 88th St APT 1A,New York,NY 10128
415,5,0,SINGLE_FAMILY,4000.0,BUILDER_SPEC,,,5,,2080000,5.0,-73.75933,False,40.750965,32085008,,sqft,2113,5644 220th Street,Bayside,NY 11364
422,3,0,MULTI_FAMILY,,2FAMILY,,694600.0,19,,699999,5.0,-73.805954,False,40.713993,444112296,,,1312,159-03 84th Rd #2FAMILY,Jamaica,NY 11432
424,2,0,CONDO,,6AB,,1480400.0,17,,1395000,3.0,-73.983986,False,40.779915,72521365,7579,,0,269 W 72nd St #6AB,New York,NY 10023
439,2,0,CONDO,,Apt 12D,,,122,,339000,3.0,-73.83612,False,40.88042,125930700,,,1144,3410 De Reimer Avenue #12D,Bronx,NY 10475
441,1,0,CONDO,,Apt 5S,11000.0,356400.0,29,1738224000000.0,359000,1.0,-73.85567,False,40.722263,88890163,2751,,740,6725 Clyde St APT 5S,Flushing,NY 11375
442,2,0,CONDO,,Apt 4D,,,3,,1275000,2.0,-73.95926,False,40.76692,244896793,8261,,1200,301 E 69th St APT 4D,New York,NY 10021
445,5,0,MULTI_FAMILY,,Unit 1,,1598200.0,3,,1700000,5.0,-73.918884,False,40.693096,443177896,,,3153,1235 Gates Ave UNIT 1,Brooklyn,NY 11221
446,1,0,CONDO,,Apt 5B,,160500.0,10,,170000,1.0,-73.94929,False,40.8287,122063032,2353,,,3603 Broadway APT 5B,New York,NY 10031
448,1,0,CONDO,,Apt 23,,466400.0,16,,450000,1.0,-73.9778,False,40.727,219639955,2734,,0,633 E 11th St APT 23,New York,NY 10009
449,1,0,CONDO,,Apt 5B,,453800.0,31,,435000,3.0,-73.948845,False,40.803627,443738728,,,0,163 Lenox Ave APT 5B,New York,NY 10026
452,9,0,SINGLE_FAMILY,,9,,3186800.0,545,,1200000,25.0,-73.95827,False,40.65635,2056101569,5719,,9850,56 Winthrop St #9,Brooklyn,NY 11225
454,3,0,TOWNHOUSE,,4,-10000.0,,62,1737360000000.0,615000,3.0,-73.91717,False,40.627987,2078223526,,,1200,1084 E 73rd Street #4,Brooklyn,NY 11234
455,2,0,CONDO,,Apt C,,,368,,175000,2.0,-73.785835,False,40.71044,89025516,2356,,646,175-28 89th Avenue #C,Jamaica,NY 11432
457,1,0,CONDO,,Apt 407,-20000.0,,208,1731571200000.0,399000,2.0,-73.847115,False,40.723442,245392726,2739,,1152,69-40 Yellowstone Boulevard #407,Forest Hills,NY 11375
458,1,0,CONDO,,Apt 305,,,2,,215000,1.0,-73.79781,False,40.710743,72651689,,,1250,165-20 Highland Avenue #305,Jamaica,NY 11432
460,1,0,CONDO,,Apt 5W,,1006900.0,5,,985000,1.0,-74.00376,False,40.734608,72514257,6188,,0,78 Charles St APT 5W,New York,NY 10014
462,1,0,CONDO,,Apt 3B,,802000.0,73,,795000,1.0,-73.998055,False,40.750134,119918303,4817,,0,357 W 29th St APT 3B,Manhattan,NY 10001
463,1,0,CONDO,,Apt 5ER,,,4,,649000,2.0,-73.968735,False,40.799767,244762819,6860,,0,242 W 104th St APT 5ER,New York,NY 10025
466,2,0,CONDO,,Apt 2F,,991400.0,3,,985000,1.0,-73.96279,False,40.77347,72527504,6326,,0,57 E 75th St APT 2F,New York,NY 10021
469,3,0,CONDO,,2B,-204000.0,2980000.0,5,1738051200000.0,2995000,3.0,-74.008156,False,40.72417,2067392902,15647,,1552,219 Hudson St #2B,New York,NY 10013
470,2,0,CONDO,,Apt 5C,,986200.0,18,,949000,2.0,-73.98068,False,40.724323,72511541,5917,,0,613 E 6th St APT 5C,New York,NY 10009
471,2,0,CONDO,,Apt 1F,,984900.0,4,,940000,1.0,-73.99883,False,40.682236,79709898,4891,,0,210 President St APT 1F,Brooklyn,NY 11231
472,2,0,CONDO,,Apt 1M,,532300.0,105,,549000,3.0,-73.857124,False,40.720295,219856859,3594,,1150,67-50 Thornton Pl APT 1M,Forest Hills,NY 11375
474,1,0,CONDO,,Apt 17E,24000.0,400000.0,26,1738310400000.0,399000,1.0,-73.96213,False,40.763058,299247838,4711,,0,301 E 63rd St APT 17E,New York,NY 10065
475,2,0,CONDO,,Unit 5F,-50000.0,358900.0,12,1730966400000.0,349000,2.0,-73.77628,False,40.78163,441148051,,,0,23-20 Bell Blvd UNIT 5F,Bayside,NY 11360
476,1,0,CONDO,,Unit A38,,196000.0,18,,189000,1.0,-73.846985,False,40.727413,439578864,,,0,67-66 108th St UNIT A38,Forest Hills,NY 11375
478,1,0,CONDO,,3H,-2000.0,762200.0,396,1735200000000.0,417000,3.0,-73.9081,False,40.776,2070499037,3778,,0,21-05 33rd St #3H,Astoria,NY 11105
484,1,0,CONDO,,Apt 7I,-10000.0,,165,1728025200000.0,139000,0.0,-73.9776,False,40.764317,439273234,,,650,100 W 57th St APT 7I,New York,NY 10019
485,1,0,CONDO,,3A,,477700.0,3,,480000,1.0,-73.922935,False,40.739838,84147022,2457,,900,42-05 48th Ave #3A,Woodside,NY 11377
486,1,0,CONDO,,Unit 112A,,333000.0,179,,330000,2.0,-73.75305,False,40.74053,416165279,,,900,74-45 220th Street #112A,Bayside,NY 11364
491,1,0,CONDO,,Apt 2B,-15000.0,,66,1733212800000.0,110000,1.0,-73.9014,False,40.81332,339864075,,,550,1023 Avenue Saint John #2B,Bronx,NY 10455
492,2,0,CONDO,,Apt 3C,,,79,,685000,2.0,-73.96413,False,40.77154,244781527,9166,,0,59 E 72nd St APT 3C,New York,NY 10021
494,2,0,CONDO,,Apt 2E,-50000.0,988800.0,299,1716534000000.0,1000000,4.0,-73.940636,False,40.79182,31546777,5104,,1700,305 E 108th St APT 2E,New York,NY 10029
495,1,0,CONDO,,Apt 54,-6001.0,,141,1737619200000.0,119999,1.0,-73.76715,False,40.68257,79740986,1731,,,123-27 Merrick Boulevard #54,Jamaica,NY 11434
496,4,0,MULTI_FAMILY,,Floor 2,,941900.0,11,,945000,6.0,-73.85234,False,40.85047,445998194,,,2600,1812 Tomlinson Ave FLOOR 2,Bronx,NY 10461
499,3,0,CONDO,,3A,-145000.0,2248800.0,5,1738051200000.0,2250000,2.0,-74.008156,False,40.72417,2067392901,11786,,1252,219 Hudson St #3A,New York,NY 10013
501,1,0,CONDO,,1A,-10000.0,412400.0,16,1737273600000.0,410000,1.0,-73.98087,False,40.72274,2077571863,5515,,,283 E 4th St #1A,New York,NY 10009
503,1,0,CONDO,,Apt 3H,,,2,,185000,1.0,-73.896706,False,40.882454,244431658,2271,,900,75 W 238th St APT 3H,Bronx,NY 10463
504,1,0,CONDO,,Apt 3C,,279200.0,20,,275000,1.0,-73.95617,False,40.777775,72540171,3652,,0,148 E 84th St APT 3C,New York,NY 10028
507,1,0,CONDO,,Apt 1020,,780800.0,6,,780000,1.0,-73.98209,False,40.776104,2065707999,4761,,571,155 W 68th St APT 1020,New York,NY 10023
508,1,0,CONDO,,Apt 6M,-15000.0,,206,1735977600000.0,260000,3.0,-73.9411,False,40.592514,112750272,3240,,1200,2427 E 29th St APT 6M,Brooklyn,NY 11235
509,1,0,CONDO,,Apt 8,,,105,,169000,2.0,-73.90534,False,40.84882,215948953,2570,,1200,212 E Tremont Ave APT 8,Bronx,NY 10457
512,1,0,CONDO,,Apt 6E,,,50,,185000,2.0,-73.865234,False,40.837254,121675152,,,922,1480 Thieriot Avenue #6E,Bronx,NY 10460
513,1,0,CONDO,,20-3,,,102,,275000,2.0,-73.744415,False,40.73246,219876430,2322,,,221-79 Manor Road #20-3,Queens Village,NY 11427
515,1,0,TOWNHOUSE,871.2,Apt B,,421800.0,10,,425000,2.0,-74.07134,False,40.605564,446002760,,sqft,900,87 Narrows Rd N APT B,Staten Island,NY 10305
519,7,0,CONDO,,Unit PENTHOUSE,,27607700.0,139,,29995000,6.0,-74.00201,False,40.723095,440450536,,,6900,62 Wooster St UNIT PENTHOUSE,New York,NY 10012
521,1,0,CONDO,,Unit 2,,,54,,379000,3.0,-73.88864,False,40.665215,83042898,,,1000,582 van siclen Ave #2,Brooklyn,NY 11207
523,2,0,CONDO,,4C,,961500.0,96,,935000,2.0,-73.94031,False,40.74884,442145275,,,0,42-62 Hunter St #4C,Long Island City,NY 11101
524,2,0,CONDO,,Apt C4,-25000.0,750600.0,191,1734076800000.0,750000,3.0,-74.024666,False,40.631325,82789449,3609,,1600,7401 4th Ave APT C4,Brooklyn,NY 11209
525,1,0,SINGLE_FAMILY,,Unit 2C,-15000.0,494500.0,137,1731571200000.0,495000,2.0,-73.95044,False,40.801704,442155942,,,810,103 Lenox Ave UNIT 2C,New York,NY 10026
528,1,0,CONDO,,Apt 601,,,25,,430000,2.0,-73.83348,False,40.70436,295907901,,,1300,118-11 84th Avenue #601,Kew Gardens,NY 11415
531,2,0,CONDO,,Apt G18,,,53,,380000,2.0,-73.84963,False,40.727978,245435477,,,1100,6712 Yellowstone Boulevard #G18,Forest Hills,NY 11375
532,1,0,CONDO,,Unit 2E,-25000.0,,10,1737532800000.0,219000,1.0,-73.87579,False,40.755817,439726309,,,663,33-25 92nd Street #2E,Jackson Heights,NY 11372
533,5,0,CONDO,,Penthouse 55,,19297700.0,75,,20000000,4.0,-73.9862,False,40.745632,442365313,,,4520,277 5th Ave #PENTHOUSE 55,New York,NY 10016
534,6,0,SINGLE_FAMILY,,1,-4999.0,1172500.0,125,1733126400000.0,1195000,11.0,-73.91793,False,40.74162,440940234,,,3945,45-43 47th St #1,Woodside,NY 11377
537,1,0,CONDO,,Apt 14J,-19000.0,422800.0,94,1737446400000.0,420000,2.0,-73.96232,True,40.76308,72529095,5028,,0,301 E 63rd St APT 14J,New York,NY 10065
538,2,0,CONDO,,Apt 1B,,1545300.0,5,,1575000,2.0,-73.94553,False,40.71671,83044447,7202,,1384,139 Jackson St APT 1B,Brooklyn,NY 11211
539,1,0,CONDO,,14V,-45000.0,387500.0,61,1737100800000.0,385000,1.0,-73.95259,False,40.773045,443102339,,,0,340 E 80th St #14V,New York,NY 10075
540,1,0,CONDO,0.67,Apt 2R,-11000.0,289000.0,108,1733385600000.0,289000,2.0,-73.94539,False,40.649025,92427502,2649,acres,748,3400 Snyder Ave APT 2R,Brooklyn,NY 11203
546,1,0,CONDO,,Apt 3B,,1500900.0,3,,1495000,2.0,-73.99262,False,40.680836,116082598,5522,,1025,370 Union St APT 3B,Brooklyn,NY 11231
547,4,0,CONDO,,2,,2952900.0,10,,2995000,3.0,-73.99071,False,40.682674,338823252,9360,,2146,118 Douglass St #2,Brooklyn,NY 11231
548,2,0,SINGLE_FAMILY,2613.6,BUILDER_SPEC,-30000.0,596500.0,66,1737964800000.0,598888,3.0,-74.08706,False,40.63623,442993740,,sqft,1950,49 Pine St,Staten Island,NY 10301
553,1,0,CONDO,,Apt 4B,1000.0,495200.0,31,1735804800000.0,500000,1.0,-73.9783,False,40.76406,72519013,4187,,700,125 W 56th St APT 4B,New York,NY 10019
554,1,0,CONDO,,Apt 1D,,,18,,160000,1.0,-73.899025,False,40.891396,244472803,,,750,4410 Cayuga Avenue #1D,Bronx,NY 10471
556,1,0,CONDO,,Suite 1E,-50000.0,,53,1733904000000.0,350000,2.0,-74.0238,False,40.62105,244996299,2299,,1000,8502 Fort Hamilton Pkwy SUITE 1E,Brooklyn,NY 11209
557,1,0,CONDO,,Apt 3B,,288300.0,112,,289999,2.0,-73.93759,False,40.655216,79710976,2847,,1000,40 E 43rd Street #3B,Brooklyn,NY 11203
559,2,0,CONDO,,2B1,,787600.0,3,,799000,2.0,-73.97572,False,40.604343,446231016,,,2151,390 Kings Hwy #2B1,Brooklyn,NY 11223
560,2,0,CONDO,,Apt 5,,,11,,6000000,3.0,-74.00936,False,40.723675,244723197,3994,,0,463 Greenwich St APT 5,New York,NY 10013
562,1,0,CONDO,,Apt 6C,,972300.0,31,,990000,2.0,-73.99476,False,40.69337,122142205,4448,,786,245 Henry St APT 6C,Brooklyn,NY 11201
563,1,0,CONDO,,Apt 2D,-6000.0,,450,1736496000000.0,89000,1.0,-73.92429,False,40.83647,215948651,,,850,1177 Anderson Avenue #2D,Bronx,NY 10452
564,1,0,CONDO,,Apt C10,-17000.0,573900.0,109,1738224000000.0,573000,3.0,-73.955635,False,40.652927,216121711,3347,,772,2107 Bedford Ave APT C10,Brooklyn,NY 11226
568,1,0,CONDO,,1A,,505000.0,73,,465000,1.0,-73.98542,False,40.78093,442771540,,,0,8 Riverside Dr W #1A,New York,NY 10023
569,2,0,CONDO,,Apt A4,,,9,,375000,2.0,-73.85825,False,40.57838,245460480,,,1100,518 Beach 139th Street #A4,Belle Harbor,NY 11694
572,1,0,CONDO,,Apt 7B,,,132,,175000,2.0,-73.90774,False,40.867596,244445030,2620,,950,2545 Sedgwick Ave APT 7B,Bronx,NY 10468
574,1,0,CONDO,,3E,-25000.0,155600.0,332,1733299200000.0,150000,1.0,-73.88447,False,40.753643,2080384566,2174,,,82-16 34 Avenue #3E,Jackson Heights,NY 11372
576,1,0,CONDO,,Apt 3C,,50300.0,317,,96400,0.0,-73.93507,False,40.79473,345380900,2558,,0,424 E 115th St APT 3C,New York,NY 10029
577,3,0,CONDO,,215-35,,,17,,668000,3.0,-73.77647,False,40.784637,444377632,,,2000,17-39 215th Street 215th Street #35,Bayside,NY 11360
578,2,0,TOWNHOUSE,,102B,,,20,,748000,2.0,-73.73167,False,40.746967,32097225,,,1170,24224 Oak Park Drive #102B,Douglaston,NY 11362
581,1,0,CONDO,,Apt 3R,,,20,,600000,2.0,-73.97644,False,40.745644,244825544,7690,,0,234 E 35th St APT 3R,New York,NY 10016
582,3,0,CONDO,,Townhouse 1,-76000.0,2714800.0,59,1736755200000.0,2799000,3.0,-73.96253,False,40.71443,443177898,,,1679,123 S 1st St #TOWNHOUSE 1,Brooklyn,NY 11249
583,1,0,CONDO,,Apt 3,,,25,,1100000,2.0,-73.98224,False,40.724983,244841136,7056,,1100,533 E 6th St APT 3,New York,NY 10009
586,1,0,CONDO,,Apt 5C,,223200.0,10,,225000,1.0,-73.93357,False,40.59885,91949319,2571,,1000,2229 Knapp St APT 5C,Brooklyn,NY 11229
587,2,0,CONDO,,5A,,578400.0,170,,599000,2.0,-73.84995,False,40.730766,2068715449,3179,,789,105-25 65th Rd #5A,Forest Hills,NY 11375
591,2,0,CONDO,,Apt 4A,,1148300.0,3,,1100000,2.0,-73.98496,False,40.779575,92428425,4380,,0,255 W End Ave APT 4A,Manhattan,NY 10023
593,1,0,CONDO,,Apt 5F,-20000.0,477000.0,173,1737619200000.0,478000,2.0,-73.90794,False,40.746273,112902451,2836,,1000,39-75 56th St APT 5F,Woodside,NY 11377
598,1,0,CONDO,,Apt 11L,,,40,,230000,2.0,-73.80117,False,40.705273,79488201,,,1300,89-15 PARSONS Boulevard #11-L,Jamaica,NY 11432
600,1,0,CONDO,,Apt 3M,,,192,,149000,1.0,-73.84374,False,40.659336,245433277,1847,,875,8935 155th Ave APT 3M,Howard Beach,NY 11414
601,1,0,CONDO,,Apt 4D,20000.0,,316,1716879600000.0,189000,1.0,-73.94496,False,40.648865,82382066,2354,,,3400 Snyder Avenue #4D,Brooklyn,NY 11203
604,1,0,CONDO,,Apt 4C,,,310,,499000,1.0,-74.00053,False,40.740387,72515400,4157,,0,234 W 16th St APT 4C,New York,NY 10011
606,2,0,CONDO,,Apt 3B,,1614100.0,5,,1650000,2.0,-73.95273,False,40.723835,2105254561,4954,,1100,82 Guernsey St APT 3B,Brooklyn,NY 11222
607,1,0,CONDO,,24,-10000.0,,59,1736150400000.0,299995,2.0,-73.94103,False,40.833664,244800657,4328,,0,1987 Amsterdam Ave #24,New York,NY 10032
609,2,0,CONDO,,Apt 1E,-50000.0,,31,1735891200000.0,1295000,2.0,-73.94878,False,40.718857,145589727,7226,,1255,415 Leonard St APT 1E,Brooklyn,NY 11222
610,1,0,CONDO,,Apt 14C,,696900.0,6,,695000,1.0,-73.981224,False,40.76287,63867248,3764,,0,159 W 53rd St APT 14C,New York,NY 10019
611,1,0,APARTMENT,1306.8,10A,,422700.0,33,,425000,2.0,-74.15907,False,40.625584,32307236,2571,sqft,1132,10A Heaney Ave #10A,Staten Island,NY 10303
612,5,0,MULTI_FAMILY,,3-FAM,,,6,,1500000,5.0,-73.942215,False,40.688335,446402937,,,2957,450 Throop Ave #3-FAM,Brooklyn,NY 11221
614,3,0,CONDO,,Apt 9C,-55000.0,,383,1717484400000.0,975000,3.0,-73.97841,False,40.74728,244751027,8911,,0,138 E 36th St APT 9C,New York,NY 10016
616,4,0,SINGLE_FAMILY,4000.0,BUILDER_SPEC,-79000.0,1282600.0,179,1728543600000.0,1299000,4.0,-73.725494,False,40.737186,2060635553,4566,sqft,2000,82-19 242nd Street,Bellerose,NY 11426
617,2,0,CONDO,,Apt 3B,-75000.0,,246,1736755200000.0,1425000,2.0,-74.00884,False,40.736023,72514684,8567,,0,148 Bank St APT 3B,New York,NY 10014
619,1,0,CONDO,0.57,Apt 205,,333900.0,89,,340000,2.0,-73.98404,False,40.70022,89459682,3345,acres,500,167 Sands St APT 205,Brooklyn,NY 11201
620,1,0,CONDO,,E,,197200.0,122,,199000,1.0,-73.950516,False,40.80639,219707134,2717,,0,206 W 121st St #E,New York,NY 10027
626,2,0,CONDO,,C,,395000.0,235,,395000,2.0,-73.95095,False,40.641026,442154120,,,1250,2711 Avenue D #C,Brooklyn,NY 11226
628,1,0,CONDO,,Apt GF,,,4,,320000,1.0,-73.91212,False,40.74792,446671188,,,700,39-30 52nd Street #GF,Woodside,NY 11377
629,1,0,CONDO,,234A1,-15000.0,330700.0,92,1733558400000.0,330000,2.0,-73.75378,False,40.738792,79743489,2402,,750,219-54 75th Avenue #234A-1,Bayside,NY 11364
639,1,0,CONDO,,Apt 4E,,220200.0,4,,220000,1.0,-73.86199,False,40.837673,29801082,2724,,0,1439 Wood Rd APT 4E,Bronx,NY 10462
645,1,0,CONDO,,Unit 2G,,224300.0,102,,224900,1.0,-73.78388,False,40.780914,441988693,,,925,18-35 Corporal Kennedy Street #2G,Bayside,NY 11360
646,1,0,CONDO,,Apt 2,-20000.0,623500.0,13,1729234800000.0,595000,3.0,-73.9585,False,40.8109,2111060038,3549,,0,501 W 122nd St APT 2,New York,NY 10027
647,2,0,CONDO,,3A,,1384700.0,29,,1395000,2.0,-73.95458,False,40.745667,443930883,,,1040,5-26 47th Ave #3A,Long Island City,NY 11101
648,1,0,CONDO,,1N,,,35,,165000,1.0,-73.94624,False,40.615463,245043984,3430,,600,2807 Kings Hwy #1N,Brooklyn,NY 11229
649,3,0,CONDO,,76,-50000.0,448900.0,103,1736841600000.0,449000,3.0,-73.91717,False,40.627987,30780014,3525,,1199,1086 E 73rd St #76,Brooklyn,NY 11234
650,1,0,CONDO,,F-2,,341800.0,23,,339900,2.0,-73.73306,False,40.7556,443865002,,,950,61-26 245th Place #F-2,Douglaston,NY 11362
651,2,0,CONDO,,Apt 6E,-95000.0,,626,1715929200000.0,500000,2.0,-73.97012,False,40.761642,244881756,7175,,1200,465 Park Ave APT 6E,New York,NY 10022
652,2,0,CONDO,,Apt 1A,,,6,,895000,2.0,-73.96942,False,40.69442,245051881,5603,,850,110 Clinton Ave APT 1A,Brooklyn,NY 11205
653,1,0,CONDO,,Apt 3B,-5000.0,445900.0,4,1738137600000.0,445000,2.0,-73.83874,False,40.721233,79511533,3284,,0,7210 112th St APT 3B,Flushing,NY 11375
656,1,0,CONDO,,Apt 1L,,242200.0,138,,245000,2.0,-73.900055,False,40.902058,120560939,2454,,1100,5425 Valles Ave APT 1L,Bronx,NY 10471
657,2,0,CONDO,,4FG,,1965300.0,12,,1999000,3.0,-73.9553,False,40.7698,2054901231,8347,,1735,330 E 75th St #4FG,New York,NY 10021
659,1,0,CONDO,,Apt 14,,624200.0,11,,615000,1.0,-74.00059,False,40.744747,82786590,4245,,0,325 W 21st St APT 14,New York,NY 10011
663,1,0,CONDO,,1E,,272200.0,202,,269000,2.0,-73.846924,False,40.66831,336857471,2247,,0,88-08 151st Ave #1E,Queens,NY 11414
666,2,0,CONDO,,Apt A1410,,,1,,1750000,3.0,-73.956345,False,40.76778,446830184,,,0,360 E 72nd St APT A1410,New York,NY 10021
671,1,0,CONDO,,Apt 4A,-10000.0,339300.0,354,1728370800000.0,340000,1.0,-73.94185,False,40.691353,2057809051,2662,,667,775 Lafayette Ave APT 4A,Brooklyn,NY 11221
672,4,0,CONDO,,Unit Penthouse 21,-400000.0,2138000.0,135,1731484800000.0,2200000,3.0,-73.9482,False,40.771084,439968312,,,3000,10 E End Ave UNIT PENTHOUSE 21,New York,NY 10075
674,2,0,CONDO,,Apt 5F,,,226,,370000,2.0,-73.91481,False,40.882935,244472299,3588,,1100,640 W 231st St APT 5F,Bronx,NY 10463
682,6,0,CONDO,,Penthouse 1,,17268100.0,10,,18500000,5.0,-73.959,False,40.771397,444366311,,,4230,200 E 75th St #PENTHOUSE 1,New York,NY 10021
685,3,0,CONDO,,16MN,-75000.0,1701800.0,100,1733299200000.0,1720000,3.0,-73.97853,False,40.7462,442072226,,,1800,155 E 34th St #16MN,New York,NY 10016
691,2,0,CONDO,,Apt 8A,-20000.0,446800.0,89,1733644800000.0,449000,3.0,-73.79961,False,40.79285,89668952,3580,,1300,9-05 162 St. #8A,Beechhurst,NY 11357
692,1,0,CONDO,,1D,,506400.0,4,,499000,1.0,-73.960594,False,40.667538,79720883,2720,,0,35 Crown St #1D,Brooklyn,NY 11225
696,1,0,CONDO,,Apt 4E,,787100.0,20,,735000,2.0,-73.9938,False,40.7309,2078609067,4870,,0,54 E 8th St APT 4E,New York,NY 10003
698,1,0,CONDO,,Apt E403,-24000.0,,339,1721113200000.0,475000,1.0,-73.97915,False,40.713215,342782513,2900,,550,575 Grand St APT E403,New York,NY 10002
700,1,0,CONDO,,Apt 4L,,576300.0,126,,550000,1.0,-73.9801,False,40.68084,440924779,,,0,638 Warren St APT 4L,Brooklyn,NY 11217
702,1,0,CONDO,,955,,387900.0,67,,385000,2.0,-73.72292,False,40.756756,443113269,,,960,61-46 Little Neck Parkway #955,Little Neck,NY 11362
703,1,0,CONDO,,D42,,968300.0,11,,949000,2.0,-73.9933,False,40.700027,446023327,,,0,55 Hicks St #D42,Brooklyn,NY 11201
704,1,0,CONDO,,Apt 3L,,,45,,170000,1.0,-73.82652,False,40.845566,244472640,,,700,3121 Middletown Road #3L,Bronx,NY 10461
705,2,0,CONDO,,Apt 5A,,542800.0,7,,550000,2.0,-74.001724,False,40.640198,112498383,2746,,715,871 50th St APT 5A,Brooklyn,NY 11220
707,2,0,CONDO,,4G,-195000.0,2879900.0,121,1737360000000.0,2900000,3.0,-74.0057,False,40.7206,2067648896,12393,,1450,260 W Broadway #4G,New York,NY 10013
709,1,0,CONDO,,Apt 2FN,,,76,,415000,2.0,-73.989944,False,40.762794,244702928,3480,,0,715 9th Ave APT 2FN,New York,NY 10019
710,6,0,MULTI_FAMILY,,Floor 2,,1734100.0,31,,1750000,6.0,-74.02706,False,40.631527,443738758,,,2845,327 Bay Ridge Pkwy FLOOR 2,Brooklyn,NY 11209
713,2,0,TOWNHOUSE,,Unit 1,-20000.0,715100.0,118,1737705600000.0,718888,3.0,-73.846436,False,40.733265,441747272,,,1200,110-19 64 Road #1,Forest Hills,NY 11375
714,4,0,SINGLE_FAMILY,,1,,,152,,1695000,3.0,-74.03318,False,40.629807,439929431,,,1536,149 79th St #1,Brooklyn,NY 11209
715,1,0,CONDO,,151B,,208600.0,74,,209000,1.0,-73.72111,False,40.750736,2056736315,2029,,665,71-38 Little Neck Parkway #151B,Bellerose,NY 11426
716,1,0,CONDO,,2D,-3000.0,245500.0,192,1729839600000.0,256000,1.0,-73.765335,False,40.757267,346604101,,,700,215-30 47th Avenue #2D,Bayside,NY 11361
718,1,0,CONDO,,Apt 2F,,,3,,285000,2.0,-73.85652,False,40.83861,29804777,,,892,1554 Unionport Road #2F,Bronx,NY 10462
720,6,0,CONDO,,Unit PENTHOUSE,,26980200.0,19,,29000000,5.0,-73.955864,False,40.782627,442154229,,,7000,1110 Park Ave UNIT PENTHOUSE,New York,NY 10128
721,3,0,CONDO,,Apt 29D,,1775000.0,6,,1772000,2.0,-73.98209,False,40.776104,63868753,6373,,1179,155 W 68th St APT 29D,New York,NY 10023
724,2,0,CONDO,,907,-114000.0,672400.0,222,1733558400000.0,660000,3.0,-73.94943,False,40.80236,353456056,4968,,0,130 Lenox Ave #907,New York,NY 10026
727,1,0,CONDO,,Apt 6B,447.0,,26,1736150400000.0,168500,2.0,-73.91769,False,40.87978,2054461022,,,850,80 Knolls Crescent #6B,Bronx,NY 10463
731,1,0,CONDO,,Apt 1006,,379300.0,53,,360000,1.0,-73.967865,False,40.76516,443274708,,,0,575 Park Ave APT 1006,New York,NY 10065
734,2,0,CONDO,1400.0,Apt 7-G,,,0,,595000,3.0,-73.91969,False,40.879963,123948764,,sqft,1400,2550 Independence Avenue #7G,Bronx,NY 10463
736,5,0,MULTI_FAMILY,3920.4,NEW_CONSTRUCTION_TYPE_OTHER,-50000.0,1188000.0,96,1737360000000.0,1199900,4.0,-74.16722,False,40.608143,442124468,,sqft,2473,135 Sommer Ave,Staten Island,NY 10314
738,3,0,TOWNHOUSE,1742.4,D,,463300.0,159,,469000,3.0,-74.24291,False,40.510113,2058662298,3350,sqft,1233,7382 Amboy Rd #D,Staten Island,NY 10307
742,1,0,SINGLE_FAMILY,1553.0,A,,,380,,330000,3.0,-73.93831,False,40.585052,2053180009,2905,sqft,612,14A Lake Avenue #A,Brooklyn,NY 11235
743,1,0,CONDO,,Apt 11E,,,4,,575000,1.0,-73.976006,False,40.790863,244841613,8153,,0,600 W End Ave APT 11E,New York,NY 10024
744,1,0,CONDO,,Apt 5A,,,44,,375000,2.0,-73.79779,False,40.79324,79740383,,,1000,7-24 166 Street #5A,Beechhurst,NY 11357
748,1,0,CONDO,,4B,-1000.0,,5,1737964800000.0,298000,1.0,-73.85411,False,40.721626,294925599,,,800,71-11 Yellowstone  Boulevard #4B,Forest Hills,NY 11375
751,2,0,SINGLE_FAMILY,,H,,761500.0,35,,749000,3.0,-73.845924,False,40.69825,443658030,,,0,102-20 85th Ave #H,Richmond Hill,NY 11418
753,5,0,MULTI_FAMILY,5000.0,NEW_CONSTRUCTION_TYPE_OTHER,-5000.0,,19,1738310400000.0,1695000,8.0,-73.77955,False,40.674194,32188092,,sqft,3000,131-04 160th Street,Jamaica,NY 11434
754,1,0,CONDO,,Apt 2D,,,107,,450000,2.0,-73.99758,False,40.64317,245032577,2524,,0,4313 9th Ave APT 2D,Brooklyn,NY 11232
756,2,0,CONDO,,Unit PENTHOUSE,-40000.0,,989,1736841600000.0,1250000,3.0,-73.94931,False,40.77538,442155320,,,1034,419 E 84th St UNIT PENTHOUSE,New York,NY 10028
757,2,0,TOWNHOUSE,871.2,NEW_CONSTRUCTION_TYPE_OTHER,20000.0,,179,1736496000000.0,359000,2.0,-74.07259,False,40.61964,32318435,2834,sqft,1160,22 Greenfield Ct,Staten Island,NY 10304
758,1,0,CONDO,,Apt 4D,-25000.0,699500.0,59,1733385600000.0,700000,1.0,-74.00236,False,40.732162,72513693,4888,,500,15 Jones St APT 4D,New York,NY 10014
762,1,0,CONDO,,Apt 19,,,52,,415000,1.0,-73.97558,False,40.782627,244791648,3817,,0,102 W 80th St APT 19,New York,NY 10024
764,5,0,CONDO,,Unit PENTHOUSE,,13931700.0,5,,14450000,4.0,-74.003654,False,40.71913,442172760,,,7185,43 Walker St UNIT PENTHOUSE,New York,NY 10013
765,1,0,CONDO,435.6,Apt 2N,-10000.0,,82,1738051200000.0,239000,0.0,-73.97665,False,40.669308,245070543,7951,sqft,500,300 8th Ave APT 2N,Brooklyn,NY 11215
766,2,0,CONDO,,Apt 2,,2222200.0,13,,2250000,2.0,-73.97796,False,40.6772,94719038,7698,,1342,53 Lincoln Pl APT 2,Brooklyn,NY 11217
769,1,0,CONDO,,Apt 5H,,472500.0,111,,449000,1.0,-73.99451,False,40.69381,82235111,3823,,0,100 Remsen St APT 5H,Brooklyn,NY 11201
770,1,0,CONDO,,Apt 2B,-30000.0,969300.0,276,1736064000000.0,969500,2.0,-73.9874,False,40.7189,2104328194,5963,,841,105 Norfolk St APT 2B,New York,NY 10002
772,3,0,MULTI_FAMILY,,Floor 1,,,5,,759000,4.0,-73.9051,False,40.639847,446653298,,,1728,1231 Remsen Ave FLOOR 1,Brooklyn,NY 11236
777,1,0,CONDO,,Apt 4E,,149100.0,10,,149000,1.0,-73.9061,False,40.9052,2106314949,2207,,750,5635 Netherland Avenue #4E,Bronx,NY 10471
778,6,0,CONDO,,34CD,,2534700.0,12,,2595000,6.0,-73.9612,False,40.7698,325627194,7347,,4000,190 E 72nd St #34CD,Manhattan,NY 10021
780,1,0,TOWNHOUSE,,Unit 169B2,,,9,,375000,2.0,-73.75108,False,40.739525,219875784,,,900,75-18 Springfield Boulevard #169B2,Oakland Gardens,NY 11364
781,3,0,CONDO,,Apt 12,-500000.0,3031900.0,79,1731657600000.0,2995000,3.0,-73.99488,False,40.749252,31503376,18499,,0,252 W 30th St APT 12,New York,NY 10001
782,1,0,CONDO,,Apt 6G,-15000.0,271800.0,159,1735977600000.0,270000,2.0,-73.92531,False,40.629932,337601634,2648,,1000,1200 E 53rd St APT 6G,Brooklyn,NY 11234
783,3,0,CONDO,,Apt 8D,,,514,,550000,3.0,-73.96516,False,40.754032,244827334,8198,,0,420 E 51st St APT 8D,New York,NY 10022
784,2,0,CONDO,,B6G,,,190,,450000,2.0,-73.93649,False,40.700306,402458277,,,936,68 Garden Street #B6G,Brooklyn,NY 11206
786,1,0,CONDO,,Apt 1C,,,11,,559000,1.0,-73.98967,False,40.721436,244854006,3799,,0,169 Allen St APT 1C,New York,NY 10002
787,1,0,CONDO,,Apt 3C,-24000.0,73000.0,22,1737187200000.0,75000,0.0,-73.896645,False,40.848328,443900671,,,427,495 E 178th Street #3C,Bronx,NY 10457
790,2,0,SINGLE_FAMILY,,1,,768800.0,12,,779000,3.0,-73.77512,False,40.6898,445922647,,,1496,115-32 174th St #1,Jamaica,NY 11434
793,2,0,CONDO,,Apt 2F,,968800.0,37,,895000,2.0,-73.976456,False,40.7835,2120223276,6230,,0,151 W 80th St APT 2F,New York,NY 10024
798,1,0,CONDO,,Apt B3,,452700.0,108,,455000,2.0,-74.00901,False,40.649418,441783365,,,800,4407 4th Ave APT B3,Brooklyn,NY 11220
800,1,0,CONDO,,Apt 6,-9000.0,735900.0,285,1737878400000.0,710000,1.0,-73.98046,False,40.77913,72520872,3664,,0,169 W 73rd St APT 6,New York,NY 10023
803,1,0,CONDO,,Apt 2,-46000.0,1250400.0,54,1736928000000.0,1249000,3.0,-73.95303,False,40.718758,83046811,5690,,0,217 N 11th St APT 2,Brooklyn,NY 11211
805,2,0,CONDO,,I4K,,2124000.0,10,,2200000,3.0,-73.99188,False,40.698486,445922645,,,1415,75 Henry St #I4K,Brooklyn,NY 11201
809,1,0,CONDO,,8D,,503100.0,58,,499000,2.0,-73.93454,False,40.763443,443188746,,,0,33-64 21st St #8D,Astoria,NY 11106
811,1,0,CONDO,,Apt 4E,-7000.0,314800.0,183,1706256000000.0,328000,2.0,-73.82618,False,40.77334,2068768077,2371,,950,26-25 Union Street #4E,Flushing,NY 11354
813,2,0,CONDO,,Apt 4F,,,18,,650000,2.0,-74.03826,False,40.617085,245029837,3253,,1200,9425 Shore Rd APT 4F,Brooklyn,NY 11209
815,1,0,CONDO,,Apt 43,-25000.0,747800.0,152,1735718400000.0,725000,1.0,-74.002174,False,40.736515,72514104,4865,,0,227 W 11th St APT 43,Manhattan,NY 10014
817,1,0,CONDO,,284,,,9,,479000,3.0,-73.78129,False,40.783546,446144362,,,1100,16-08 212 Street #284,Bayside,NY 11360
